date,closing_price,prev_price_diff,opening_price,high_price,low_price,volume
2023.05.04,"109,200",100,"109,000","110,000","108,000","435,298"
2023.05.03,"109,300",200,"109,100","109,400","107,900","371,989"
2023.05.02,"109,500",200,"109,300","109,800","108,700","443,845"
2023.04.28,"109,300","1,600","109,900","110,500","108,200","808,675"
2023.04.27,"107,700",700,"108,500","108,900","106,900","522,016"
2023.04.26,"108,400",500,"109,000","110,100","108,000","603,110"
2023.04.25,"108,900","1,500","107,700","109,900","106,300","1,051,431"
2023.04.24,"107,400",400,"107,200","108,500","107,200","561,213"
2023.04.21,"107,800","2,800","110,300","110,600","106,900","1,187,692"
2023.04.20,"110,600","2,300","112,600","113,300","109,300","877,927"
2023.04.19,"112,900","1,300","112,600","113,500","111,800","747,852"
2023.04.18,"111,600",600,"112,300","113,000","111,000","1,014,529"
2023.04.17,"112,200","3,000","115,100","115,100","111,700","1,014,716"
2023.04.14,"115,200",100,"116,100","116,900","114,600","795,003"
2023.04.13,"115,300",700,"116,000","117,500","113,500","1,275,287"
2023.04.12,"114,600","2,000","112,700","114,900","112,700","1,116,912"
2023.04.11,"112,600",400,"113,500","114,200","112,100","1,095,649"
2023.04.10,"113,000","1,300","115,000","115,900","112,600","1,018,183"
2023.04.07,"114,300",400,"115,500","116,100","113,800","921,786"
2023.04.06,"113,900","2,900","117,400","118,100","113,600","891,174"
2023.04.05,"116,800",900,"116,700","119,700","116,100","1,010,185"
2023.04.04,"115,900","2,100","114,300","117,200","112,800","896,834"
2023.04.03,"113,800","1,500","116,000","116,300","113,200","713,112"
2023.03.31,"115,300","2,200","114,100","115,700","113,800","855,187"
2023.03.30,"113,100",600,"114,500","115,600","113,100","570,965"
2023.03.29,"113,700","1,900","112,900","114,500","112,700","554,609"
2023.03.28,"111,800","1,700","113,000","113,100","109,000","1,263,322"
2023.03.27,"113,500",500,"113,000","114,500","111,000","778,173"
2023.03.24,"113,000","1,200","111,900","113,500","111,000","893,158"
2023.03.23,"111,800","2,400","113,700","114,700","110,300","1,324,425"
2023.03.22,"114,200",900,"115,500","116,500","113,600","756,170"
2023.03.21,"113,300",600,"114,500","114,700","112,400","712,657"
2023.03.20,"113,900","4,000","118,200","118,500","112,900","965,943"
2023.03.17,"117,900",400,"119,000","119,500","116,900","918,172"
2023.03.16,"117,500",100,"116,000","119,200","115,800","916,862"
2023.03.15,"117,400","5,600","114,600","117,800","113,200","1,133,693"
2023.03.14,"111,800","5,700","116,700","117,300","111,200","1,114,429"
2023.03.13,"117,500","1,800","116,000","118,500","113,600","851,620"
2023.03.10,"115,700","1,300","115,400","118,300","114,600","858,971"
2023.03.09,"117,000",500,"119,600","121,400","116,700","1,144,788"
2023.03.08,"117,500","3,100","116,200","120,600","116,200","1,731,900"
2023.03.07,"114,400",100,"114,400","115,400","112,200","748,490"
2023.03.06,"114,500","3,700","112,000","115,500","111,100","964,347"
2023.03.03,"110,800",600,"112,500","113,400","109,500","475,873"
2023.03.02,"111,400",200,"110,600","112,400","110,600","484,235"
2023.02.28,"111,200","1,500","113,400","113,400","110,500","666,842"
2023.02.27,"112,700",700,"112,800","114,100","111,400","556,263"
2023.02.24,"113,400","1,300","115,000","115,700","112,400","711,338"
2023.02.23,"114,700","3,600","112,400","117,000","112,300","1,414,208"
2023.02.22,"111,100","2,900","113,000","113,800","111,000","692,730"
2023.02.21,"114,000",700,"113,200","116,100","112,600","735,027"
2023.02.20,"113,300",600,"114,000","115,100","112,800","730,359"
2023.02.17,"113,900",100,"112,600","115,500","112,100","735,524"
2023.02.16,"114,000","1,200","114,000","116,400","113,200","1,080,764"
2023.02.15,"112,800",500,"113,600","114,200","112,400","1,108,858"
2023.02.14,"113,300","6,100","108,700","114,200","108,700","1,957,756"
2023.02.13,"107,200","3,400","110,000","110,000","105,500","907,871"
2023.02.10,"110,600","2,600","108,000","112,200","106,900","1,330,878"
2023.02.09,"108,000",400,"106,600","108,800","105,000","1,189,827"
2023.02.08,"107,600","5,600","102,500","108,800","102,200","1,809,917"
2023.02.07,"102,000",400,"101,800","103,000","101,300","568,693"
2023.02.06,"101,600",800,"100,900","102,900","100,000","663,779"
2023.02.03,"100,800",100,"101,300","102,100","100,200","493,356"
2023.02.02,"100,900","1,800","100,100","101,500","99,000","727,164"
2023.02.01,"99,100","1,000","100,100","100,100","98,100","738,213"
2023.01.31,"100,100",300,"99,900","103,200","99,200","1,140,938"
2023.01.30,"100,400","2,300","100,000","101,200","98,100","1,322,757"
2023.01.27,"98,100",200,"98,100","100,000","97,500","813,280"
2023.01.26,"97,900","1,300","96,400","97,900","95,800","496,024"
2023.01.25,"96,600",300,"97,200","97,800","96,200","403,888"
2023.01.20,"96,300",0,"96,200","96,700","95,000","391,157"
2023.01.19,"96,300","1,100","94,200","97,100","94,100","601,293"
2023.01.18,"95,200",500,"94,700","95,600","94,200","458,888"
2023.01.17,"94,700",300,"94,200","95,200","93,300","511,231"
2023.01.16,"94,400",200,"94,700","95,800","92,700","458,632"
2023.01.13,"94,200",500,"94,100","95,300","93,600","500,644"
2023.01.12,"93,700","1,100","95,000","95,500","93,100","487,521"
2023.01.11,"94,800",300,"95,300","95,800","93,800","454,625"
2023.01.10,"95,100",0,"94,900","95,300","93,600","583,121"
2023.01.09,"95,100","4,400","91,600","95,500","91,600","1,246,443"
2023.01.06,"90,700",800,"88,700","91,600","88,700","520,258"
2023.01.05,"89,900",200,"89,700","90,500","89,000","372,671"
2023.01.04,"89,700","4,000","84,900","89,700","84,500","582,484"
2023.01.03,"85,700",700,"86,400","87,000","83,500","535,289"
2023.01.02,"86,400",100,"87,200","87,600","86,300","256,377"
2022.12.29,"86,500","2,900","88,500","89,400","86,500","451,139"
2022.12.28,"89,400",300,"89,200","90,700","88,600","490,113"
2022.12.27,"89,700",800,"89,500","90,400","89,100","553,886"
2022.12.26,"88,900","2,000","90,900","91,000","88,700","466,302"
2022.12.23,"90,900",600,"88,500","92,200","88,200","946,249"
2022.12.22,"90,300","4,400","86,500","91,700","86,500","1,421,236"
2022.12.21,"85,900",200,"86,700","86,800","85,000","255,814"
2022.12.20,"86,100",800,"86,600","86,700","85,300","340,339"
2022.12.19,"86,900",300,"87,200","87,800","86,100","432,162"
2022.12.16,"87,200","1,500","87,000","87,900","85,800","625,891"
2022.12.15,"88,700","1,200","89,500","89,600","88,500","244,911"
2022.12.14,"89,900","1,800","88,800","90,100","88,500","471,240"
2022.12.13,"88,100","1,700","90,200","90,300","87,700","588,048"
2022.12.12,"89,800","1,200","89,800","91,300","89,500","431,521"
2022.12.09,"91,000","1,200","90,500","91,200","89,700","599,973"
2022.12.08,"89,800",500,"89,600","90,700","88,800","922,814"
2022.12.07,"90,300","6,900","95,000","95,500","89,500","1,994,747"
2022.12.06,"97,200",400,"95,900","100,500","95,500","1,145,457"
2022.12.05,"96,800",200,"97,200","97,700","95,900","462,365"
2022.12.02,"96,600",400,"96,400","98,500","95,400","809,770"
2022.12.01,"96,200","1,400","98,900","99,000","96,100","656,245"
2022.11.30,"97,600","3,800","92,900","98,300","92,600","1,734,591"
2022.11.29,"93,800",600,"93,400","94,000","91,300","623,921"
2022.11.28,"93,200","3,500","91,600","95,200","90,700","1,494,873"
2022.11.25,"89,700",800,"91,000","91,000","89,100","309,097"
2022.11.24,"90,500",300,"90,800","91,500","90,200","302,045"
2022.11.23,"90,200",700,"90,600","92,100","90,000","454,470"
2022.11.22,"89,500",600,"90,300","90,700","89,100","392,751"
2022.11.21,"90,100","1,900","92,500","92,500","89,300","659,130"
2022.11.18,"92,000",900,"93,100","94,600","91,000","864,219"
2022.11.17,"92,900","2,700","95,100","95,800","92,900","523,307"
2022.11.16,"95,600","1,000","96,900","96,900","94,700","589,204"
2022.11.15,"96,600","1,000","96,100","98,800","95,800","736,227"
2022.11.14,"95,600","1,100","94,700","96,900","94,500","888,814"
2022.11.11,"94,500","2,600","95,400","95,400","93,700","891,240"
2022.11.10,"91,900","1,300","92,200","94,000","91,900","803,724"
2022.11.09,"93,200","1,900","91,600","94,100","91,200","933,729"
2022.11.08,"91,300",400,"90,900","92,600","90,300","994,859"
2022.11.07,"90,900","2,300","89,200","91,200","87,400","1,584,070"
2022.11.04,"88,600","5,800","82,600","90,000","82,100","2,425,215"
2022.11.03,"82,800",900,"81,900","83,700","81,000","643,835"
2022.11.02,"83,700","1,100","81,700","84,000","81,500","740,355"
2022.11.01,"82,600","1,000","81,500","82,900","80,800","611,191"
2022.10.31,"81,600","1,700","82,000","82,000","80,500","713,095"
2022.10.28,"79,900",300,"79,800","81,200","79,600","641,547"
2022.10.27,"80,200","2,400","78,300","80,700","78,000","920,792"
2022.10.26,"77,800","2,300","80,100","80,200","77,300","1,247,943"
2022.10.25,"80,100",800,"80,900","81,900","79,700","552,564"
2022.10.24,"80,900",100,"81,700","82,300","80,400","611,218"
2022.10.21,"80,800",400,"80,700","81,500","80,100","347,557"
2022.10.20,"81,200",600,"80,300","81,400","78,800","594,436"
2022.10.19,"80,600","2,200","82,000","82,600","80,400","706,403"
2022.10.18,"82,800","1,100","83,100","83,300","81,300","594,072"
2022.10.17,"81,700","1,000","79,700","81,800","79,300","394,098"
2022.10.14,"80,700","2,600","80,000","81,500","79,700","462,737"
2022.10.13,"78,100","1,700","79,600","80,700","78,100","588,068"
2022.10.12,"79,800","1,600","78,400","80,000","77,800","594,177"
2022.10.11,"78,200","3,500","79,800","79,900","77,700","827,730"
2022.10.07,"81,700","1,100","79,800","82,300","79,700","676,353"
2022.10.06,"80,600","1,400","80,000","81,400","79,400","582,507"
2022.10.05,"79,200","1,500","82,200","82,400","78,600","696,257"
2022.10.04,"80,700","2,100","79,800","81,000","79,800","764,137"
2022.09.30,"78,600",600,"77,200","79,900","77,200","887,235"
2022.09.29,"78,000","1,300","80,500","80,700","77,900","788,884"
2022.09.28,"79,300","2,000","80,700","81,800","78,300","1,063,245"
2022.09.27,"81,300",500,"81,600","81,800","80,000","960,659"
2022.09.26,"81,800","3,100","83,500","84,400","81,600","981,155"
2022.09.23,"84,900",400,"85,300","86,600","84,400","725,235"
2022.09.22,"85,300","2,700","86,100","86,500","84,500","927,127"
2022.09.21,"88,000","1,700","90,000","90,100","87,600","669,889"
2022.09.20,"89,700",700,"91,000","91,400","89,400","540,462"
2022.09.19,"90,400",200,"90,200","91,700","90,200","455,443"
2022.09.16,"90,600","1,400","91,100","91,200","90,000","769,264"
2022.09.15,"92,000","2,000","94,600","94,600","92,000","672,520"
2022.09.14,"94,000","3,900","93,600","94,600","93,600","721,562"
2022.09.13,"97,900","4,100","95,700","98,200","95,100","703,205"
2022.09.08,"93,800",600,"95,300","95,400","93,500","598,114"
2022.09.07,"94,400","2,400","96,200","96,400","93,600","654,418"
2022.09.06,"96,800",400,"97,300","97,500","96,100","354,834"
2022.09.05,"97,200",100,"97,200","98,300","96,500","330,235"
2022.09.02,"97,300",400,"98,300","99,900","97,000","464,595"
2022.09.01,"97,700","3,300","99,100","99,600","97,700","683,659"
2022.08.31,"101,000","3,500","96,700","101,000","96,200","712,641"
2022.08.30,"97,500","1,300","96,600","97,800","95,400","514,506"
2022.08.29,"96,200","4,300","96,800","97,500","95,200","852,805"
2022.08.26,"100,500","1,400","99,900","100,500","99,000","549,129"
2022.08.25,"99,100","1,000","98,900","99,700","98,300","541,955"
2022.08.24,"98,100",100,"98,800","99,000","97,900","557,382"
2022.08.23,"98,200","1,800","99,100","99,700","98,000","588,286"
2022.08.22,"100,000","1,000","99,700","101,500","99,200","664,440"
2022.08.19,"101,000","1,000","101,500","102,500","100,500","571,786"
2022.08.18,"102,000","1,500","102,000","103,500","100,500","768,622"
2022.08.17,"103,500","1,500","102,500","105,000","102,000","1,537,894"
2022.08.16,"102,000","1,000","101,500","103,000","100,000","872,610"
2022.08.12,"101,000",0,"100,500","102,500","99,600","1,151,625"
2022.08.11,"101,000","8,200","93,900","101,000","93,400","2,683,987"
2022.08.10,"92,800","1,900","93,900","94,500","92,700","502,234"
2022.08.09,"94,700",700,"94,000","94,700","92,800","542,364"
2022.08.08,"94,000","1,900","95,800","95,800","93,600","579,176"
2022.08.05,"95,900",100,"96,400","96,700","95,400","447,686"
2022.08.04,"96,000","2,200","94,400","96,900","94,200","1,059,583"
2022.08.03,"93,800",300,"93,500","93,900","93,000","374,218"
2022.08.02,"93,500",900,"94,400","95,000","93,200","474,933"
2022.08.01,"94,400",0,"94,800","95,300","93,600","485,739"
2022.07.29,"94,400",800,"94,200","94,800","93,600","674,170"
2022.07.28,"93,600",700,"95,100","95,500","93,000","666,622"
2022.07.27,"94,300",700,"93,800","94,500","93,200","330,196"
2022.07.26,"93,600",300,"93,500","94,700","93,300","417,522"
2022.07.25,"93,900",400,"93,100","94,700","93,000","351,528"
2022.07.22,"93,500",700,"93,800","94,700","93,500","363,025"
2022.07.21,"94,200",100,"94,100","94,400","93,000","444,578"
2022.07.20,"94,100","1,200","95,200","95,300","93,300","643,294"
2022.07.19,"92,900",400,"91,700","93,000","91,400","410,666"
2022.07.18,"92,500","1,600","92,500","94,400","92,000","847,838"
2022.07.15,"90,900",700,"90,900","91,500","89,100","604,053"
2022.07.14,"90,200",900,"90,600","91,000","89,500","658,582"
2022.07.13,"91,100",700,"89,900","92,300","89,900","676,772"
2022.07.12,"90,400",900,"90,700","90,900","89,100","654,534"
2022.07.11,"91,300",700,"91,500","92,700","91,000","710,884"
2022.07.08,"92,000","3,900","96,300","98,300","91,800","1,494,419"
2022.07.07,"95,900","2,800","94,000","96,400","93,500","1,090,036"
2022.07.06,"93,100","2,400","94,700","95,100","92,800","1,023,511"
2022.07.05,"95,500","5,300","91,000","96,000","90,700","1,348,997"
2022.07.04,"90,200",300,"90,800","91,000","88,600","701,722"
2022.07.01,"89,900","1,600","89,000","92,900","88,800","1,390,290"
2022.06.30,"88,300","2,400","90,900","90,900","88,300","790,624"
2022.06.29,"90,700","1,700","88,000","91,800","87,400","873,866"
2022.06.28,"89,000",700,"89,100","90,100","87,800","727,402"
2022.06.27,"89,700",700,"90,200","91,000","89,000","842,826"
2022.06.24,"89,000",700,"88,300","90,000","88,300","877,028"
2022.06.23,"88,300","1,100","86,800","89,800","85,600","1,418,259"
2022.06.22,"87,200","3,800","91,400","91,500","87,100","1,196,070"
2022.06.21,"91,000",800,"90,300","91,400","90,000","516,032"
2022.06.20,"90,200","3,000","93,400","93,500","89,300","919,626"
2022.06.17,"93,200","1,200","92,800","93,700","92,000","827,209"
2022.06.16,"94,400","1,200","94,700","97,600","93,800","860,556"
2022.06.15,"93,200","2,100","94,500","95,500","92,500","829,525"
2022.06.14,"95,300",200,"92,800","96,300","92,700","1,012,058"
2022.06.13,"95,100","5,400","98,500","98,900","95,100","1,400,191"
2022.06.10,"100,500","2,000","101,000","102,000","100,000","595,867"
2022.06.09,"102,500",500,"102,000","102,500","101,000","929,702"
2022.06.08,"102,000",500,"102,000","103,000","101,500","568,572"
2022.06.07,"101,500","2,500","103,500","103,500","101,500","664,509"
2022.06.03,"104,000",0,"105,000","105,500","103,500","610,654"
2022.06.02,"104,000","1,000","104,000","104,000","102,000","660,479"
2022.05.31,"105,000","1,000","106,000","106,500","104,500","1,819,056"
2022.05.30,"106,000","2,500","105,000","106,000","104,500","623,975"
2022.05.27,"103,500","1,500","104,000","105,000","102,500","668,914"
2022.05.26,"102,000",500,"103,000","104,000","101,000","677,212"
2022.05.25,"102,500",0,"103,000","103,500","101,500","504,358"
2022.05.24,"102,500","2,500","105,000","105,000","102,000","722,885"
2022.05.23,"105,000",500,"105,000","106,500","103,500","688,569"
2022.05.20,"104,500","3,000","102,000","105,500","101,000","1,205,007"
2022.05.19,"101,500","5,500","104,000","104,500","101,000","1,986,525"
2022.05.18,"107,000",500,"108,500","109,500","106,500","838,409"
2022.05.17,"107,500",0,"107,500","108,500","106,000","846,435"
2022.05.16,"107,500",0,"109,000","109,500","107,000","458,454"
2022.05.13,"107,500","1,500","106,500","108,500","106,500","705,097"
2022.05.12,"106,000","3,000","108,000","109,500","105,500","1,191,168"
2022.05.11,"109,000","2,500","111,000","111,500","108,000","1,267,614"
2022.05.10,"111,500","1,500","111,000","112,500","109,500","809,529"
2022.05.09,"113,000","2,000","115,000","115,500","112,500","717,315"
2022.05.06,"115,000",500,"114,000","116,000","114,000","471,521"
2022.05.04,"115,500",0,"116,000","117,000","115,000","532,967"
2022.05.03,"115,500","1,000","117,000","117,500","115,500","618,090"
2022.05.02,"116,500",0,"115,000","116,500","114,500","513,571"
2022.04.29,"116,500","4,000","120,000","120,500","115,500","1,980,893"
2022.04.28,"120,500","1,000","120,500","120,500","119,000","594,286"
2022.04.27,"119,500","2,000","118,000","120,500","118,000","595,523"
2022.04.26,"121,500","2,500","120,000","122,000","119,500","700,343"
2022.04.25,"119,000","4,000","120,500","121,500","119,000","979,122"
2022.04.22,"123,000","2,000","123,000","124,000","122,000","576,346"
2022.04.21,"125,000","1,500","124,000","126,000","123,500","685,827"
2022.04.20,"123,500","1,000","125,000","125,000","122,000","930,835"
2022.04.19,"124,500",0,"125,500","128,000","124,000","710,036"
2022.04.18,"124,500","2,000","125,000","126,000","123,500","627,153"
2022.04.15,"126,500",500,"125,500","128,500","124,500","1,101,269"
2022.04.14,"126,000","1,000","128,000","129,000","125,500","1,540,317"
2022.04.13,"127,000","4,500","123,500","127,000","123,500","1,618,670"
2022.04.12,"122,500","2,500","123,000","125,500","121,500","1,383,096"
2022.04.11,"125,000","3,000","124,500","126,500","123,000","2,333,625"
2022.04.08,"122,000","7,500","116,500","123,000","116,000","3,064,268"
2022.04.07,"114,500",500,"113,000","116,500","112,500","1,626,623"
2022.04.06,"114,000","3,500","116,500","117,500","114,000","1,301,974"
2022.04.05,"117,500",500,"118,500","119,000","117,000","635,707"
2022.04.04,"117,000",500,"117,500","118,000","116,000","714,473"
2022.04.01,"117,500","3,000","119,500","120,000","117,000","1,358,388"
2022.03.31,"120,500",500,"120,500","121,500","120,000","687,529"
2022.03.30,"121,000","1,000","121,000","123,000","120,500","750,649"
2022.03.29,"120,000",0,"121,500","121,500","119,500","601,558"
2022.03.28,"120,000",500,"120,000","121,000","119,000","477,494"
2022.03.25,"120,500",500,"122,000","122,500","119,500","629,103"
2022.03.24,"121,000","2,000","122,000","122,500","120,000","742,512"
2022.03.23,"123,000","1,000","124,500","125,000","122,500","755,327"
2022.03.22,"124,000","1,000","122,500","124,500","122,000","628,292"
2022.03.21,"123,000",500,"124,000","124,500","122,000","578,097"
2022.03.18,"123,500","2,500","126,500","126,500","123,500","959,017"
2022.03.17,"126,000","1,000","126,000","127,000","125,000","1,038,478"
2022.03.16,"125,000","2,000","124,500","125,000","121,500","805,188"
2022.03.15,"123,000","1,000","121,500","124,500","121,000","754,807"
2022.03.14,"122,000",0,"121,500","124,000","121,000","842,386"
2022.03.11,"122,000","1,500","120,000","122,500","119,500","648,403"
2022.03.10,"120,500","2,500","121,000","121,500","119,000","878,951"
2022.03.08,"118,000","2,500","118,000","120,000","117,000","866,699"
2022.03.07,"120,500","3,000","121,500","122,000","119,000","957,534"
2022.03.04,"123,500","4,000","126,500","127,000","123,000","695,378"
2022.03.03,"127,500","4,000","125,000","128,000","124,500","799,782"
2022.03.02,"123,500",0,"123,000","125,000","122,000","678,583"
2022.02.28,"123,500",500,"123,500","123,500","121,000","851,199"
2022.02.25,"124,000",0,"126,000","126,500","123,000","714,011"
2022.02.24,"124,000","1,500","124,500","127,500","123,000","1,218,895"
2022.02.23,"125,500","4,000","123,000","127,000","122,000","1,198,273"
2022.02.22,"121,500","3,000","121,500","123,000","121,000","699,128"
2022.02.21,"124,500","1,000","120,500","124,500","120,000","680,962"
2022.02.18,"123,500",500,"122,000","124,000","121,000","684,818"
2022.02.17,"124,000","1,000","123,000","126,000","122,500","1,006,830"
2022.02.16,"123,000","1,000","124,500","125,000","122,500","679,538"
2022.02.15,"122,000","1,000","123,500","124,500","120,500","828,330"
2022.02.14,"123,000","3,500","124,000","126,000","121,500","982,772"
2022.02.11,"126,500","2,000","126,500","128,500","126,000","640,135"
2022.02.10,"128,500",500,"131,000","131,500","126,000","1,304,496"
2022.02.09,"129,000","5,000","126,000","129,000","125,500","1,151,000"
2022.02.08,"124,000","1,000","125,000","126,500","123,500","635,927"
2022.02.07,"125,000","3,000","127,500","127,500","124,000","907,137"
2022.02.04,"128,000","2,000","126,000","128,000","125,000","715,127"
2022.02.03,"126,000","1,500","130,000","130,500","126,000","1,236,485"
2022.01.28,"127,500","3,500","125,000","127,500","124,000","1,048,524"
2022.01.27,"124,000","5,000","129,500","130,500","122,500","1,588,541"
2022.01.26,"129,000","2,000","131,500","132,500","128,500","988,127"
2022.01.25,"131,000","3,000","134,500","135,500","130,000","1,448,593"
2022.01.24,"134,000",500,"132,000","136,000","130,000","1,502,530"
2022.01.21,"133,500","6,500","137,500","138,000","131,000","1,954,318"
2022.01.20,"140,000","3,000","137,500","140,000","136,000","1,103,779"
2022.01.19,"137,000","1,000","136,000","139,500","135,500","1,329,933"
2022.01.18,"138,000","2,500","140,500","142,000","137,500","1,340,867"
2022.01.17,"140,500","5,500","145,000","145,500","139,500","1,727,769"
2022.01.14,"146,000",500,"145,500","150,500","143,500","2,850,564"
2022.01.13,"145,500","8,500","139,000","150,000","139,000","5,019,347"
2022.01.12,"137,000","6,500","131,500","138,500","131,000","1,757,579"
2022.01.11,"130,500",500,"129,500","131,500","127,500","985,952"
2022.01.10,"130,000","7,500","135,500","136,000","129,000","1,784,965"
2022.01.07,"137,500","2,500","136,500","138,000","135,000","808,243"
2022.01.06,"135,000","3,500","136,000","139,000","134,500","1,038,777"
2022.01.05,"138,500","3,500","142,000","142,000","137,500","965,541"
2022.01.04,"142,000","2,500","143,000","145,000","140,000","1,419,997"
2022.01.03,"139,500","1,500","139,500","140,500","138,000","534,878"
2021.12.30,"138,000","2,500","140,000","140,500","138,000","703,821"
2021.12.29,"140,500","2,500","138,500","141,500","138,000","1,104,635"
2021.12.28,"138,000",0,"139,000","139,500","137,000","1,186,045"
2021.12.27,"138,000","1,500","136,500","140,000","135,500","958,151"
2021.12.24,"136,500",500,"137,000","138,000","134,000","1,170,212"
2021.12.23,"137,000","7,500","130,500","139,000","128,500","2,564,334"
2021.12.22,"129,500","1,000","132,000","132,500","129,000","703,187"
2021.12.21,"130,500","5,000","127,000","131,000","126,500","993,693"
2021.12.20,"125,500","4,000","128,500","129,000","125,500","864,094"
2021.12.17,"129,500",500,"128,000","131,500","127,500","944,383"
2021.12.16,"130,000",500,"131,500","132,500","129,000","705,254"
2021.12.15,"129,500","1,000","128,500","130,500","127,000","855,372"
2021.12.14,"128,500","5,500","132,500","133,500","128,000","1,506,380"
2021.12.13,"134,000","8,000","129,500","135,500","129,000","2,612,253"
2021.12.10,"126,000","3,000","122,000","126,000","121,500","671,405"
2021.12.09,"123,000",500,"122,500","125,000","122,000","1,151,051"
2021.12.08,"123,500","2,000","127,500","128,000","122,500","1,043,122"
2021.12.07,"125,500","1,500","124,000","126,000","121,500","720,765"
2021.12.06,"124,000","2,000","121,500","125,000","120,500","819,472"
2021.12.03,"122,000",0,"122,000","123,000","119,000","780,951"
2021.12.02,"122,000","2,000","118,000","122,000","118,000","725,845"
2021.12.01,"120,000","4,500","116,500","120,000","115,500","851,165"
2021.11.30,"115,500","4,000","120,500","122,000","115,000","1,809,765"
2021.11.29,"119,500","2,500","118,000","122,000","118,000","933,062"
2021.11.26,"122,000","3,500","125,500","126,500","121,500","872,482"
2021.11.25,"125,500","3,000","128,500","129,000","125,000","675,145"
2021.11.24,"128,500",500,"127,000","130,000","126,000","988,988"
2021.11.23,"128,000","6,000","132,500","133,000","127,000","1,329,955"
2021.11.22,"134,000",500,"133,500","136,000","131,500","1,670,033"
2021.11.19,"133,500","11,000","128,000","137,500","127,500","4,928,339"
2021.11.18,"122,500",500,"123,500","124,000","122,000","480,336"
2021.11.17,"123,000","1,000","124,500","125,000","122,000","524,897"
2021.11.16,"124,000",500,"124,500","125,500","123,000","565,313"
2021.11.15,"124,500","2,500","122,500","125,000","122,500","521,720"
2021.11.12,"122,000","4,500","118,000","122,000","118,000","734,937"
2021.11.11,"117,500","2,000","119,000","119,500","115,500","1,137,785"
2021.11.10,"119,500","3,500","122,000","123,000","119,000","707,984"
2021.11.09,"123,000",500,"123,000","125,000","122,000","497,844"
2021.11.08,"122,500",500,"123,000","123,500","120,500","478,858"
2021.11.05,"123,000",500,"123,500","124,500","121,500","470,484"
2021.11.04,"122,500",500,"124,000","126,000","122,000","769,589"
2021.11.03,"122,000","1,000","123,500","124,000","121,000","503,633"
2021.11.02,"123,000","2,500","121,000","124,500","120,500","915,388"
2021.11.01,"120,500",0,"121,000","122,000","119,500","761,704"
2021.10.29,"120,500","1,500","124,000","129,000","119,500","2,301,006"
2021.10.28,"122,000",0,"122,000","124,000","121,000","842,870"
2021.10.27,"122,000","3,500","125,500","126,000","121,500","912,547"
2021.10.26,"125,500","1,000","125,000","126,000","124,500","706,443"
2021.10.25,"124,500",500,"123,500","126,000","122,500","554,539"
2021.10.22,"125,000",500,"125,000","126,000","123,000","360,096"
2021.10.21,"125,500",500,"126,000","127,500","125,000","571,147"
2021.10.20,"125,000","1,500","126,500","127,500","125,000","579,159"
2021.10.19,"126,500","3,000","124,500","127,000","123,500","600,501"
2021.10.18,"123,500","3,000","127,500","127,500","123,500","716,291"
2021.10.15,"126,500","3,000","125,000","127,000","125,000","743,492"
2021.10.14,"123,500","1,500","123,500","125,500","122,500","950,533"
2021.10.13,"122,000","2,000","122,500","123,000","119,500","943,291"
2021.10.12,"124,000","4,000","121,000","125,500","119,000","1,793,542"
2021.10.08,"120,000","4,000","125,000","125,500","119,000","1,407,749"
2021.10.07,"124,000","4,000","121,000","125,000","120,000","907,601"
2021.10.06,"120,000","3,500","125,500","126,000","119,000","1,599,552"
2021.10.05,"123,500","2,000","123,000","125,500","121,000","1,158,497"
2021.10.01,"125,500","2,000","125,500","127,500","124,500","1,099,392"
2021.09.30,"127,500","2,000","128,500","129,000","125,000","1,505,941"
2021.09.29,"129,500","3,000","129,000","131,000","128,000","1,435,656"
2021.09.28,"132,500","6,000","138,000","138,500","132,500","1,667,863"
2021.09.27,"138,500","1,000","139,000","139,500","138,000","526,452"
2021.09.24,"139,500","1,000","142,000","142,500","139,000","865,310"
2021.09.23,"140,500","1,000","138,500","141,000","136,500","1,090,853"
2021.09.17,"139,500","1,500","140,500","141,000","139,000","799,115"
2021.09.16,"141,000","1,000","142,500","143,500","140,000","639,525"
2021.09.15,"142,000",500,"143,500","143,500","140,500","763,228"
2021.09.14,"142,500",500,"143,500","145,000","142,500","573,492"
2021.09.13,"143,000","3,500","144,000","144,500","141,500","808,784"
2021.09.10,"146,500","5,000","143,000","151,000","143,000","1,851,877"
2021.09.09,"141,500","2,500","144,000","145,500","141,500","955,728"
2021.09.08,"144,000","3,500","146,500","147,000","143,000","1,296,091"
2021.09.07,"147,500",500,"149,000","150,500","147,500","757,429"
2021.09.06,"148,000","5,500","151,000","151,500","146,500","1,611,682"
2021.09.03,"153,500","14,000","142,000","154,500","140,500","4,043,334"
2021.09.02,"139,500","1,500","140,500","141,000","139,000","667,898"
2021.09.01,"141,000","1,000","143,000","143,000","140,000","758,432"
2021.08.31,"142,000","2,500","139,500","142,000","138,000","1,035,617"
2021.08.30,"139,500","1,000","141,500","142,000","139,000","740,133"
2021.08.27,"140,500","1,000","141,000","141,000","139,000","593,281"
2021.08.26,"141,500",500,"142,000","145,000","140,500","806,681"
2021.08.25,"142,000",0,"142,500","144,500","139,500","806,947"
2021.08.24,"142,000","1,500","141,000","144,500","138,500","1,375,732"
2021.08.23,"140,500","6,000","145,500","146,000","138,000","1,780,072"
2021.08.20,"146,500","1,500","148,500","150,500","146,000","802,093"
2021.08.19,"148,000","5,500","151,500","153,000","148,000","737,444"
2021.08.18,"153,500","2,500","150,500","154,000","150,000","652,995"
2021.08.17,"151,000",500,"150,500","153,500","150,000","779,899"
2021.08.13,"150,500","2,500","153,500","154,000","148,000","916,837"
2021.08.12,"153,000","3,000","156,000","157,500","153,000","981,866"
2021.08.11,"156,000","1,500","157,500","158,500","155,500","536,980"
2021.08.10,"157,500","3,500","162,000","162,000","157,000","859,174"
2021.08.09,"161,000","4,000","157,500","162,000","157,000","1,152,308"
2021.08.06,"157,000","1,000","158,500","159,000","156,500","413,308"
2021.08.05,"158,000","2,000","159,500","160,000","158,000","560,669"
2021.08.04,"160,000","3,500","158,000","160,500","157,000","691,765"
2021.08.03,"156,500",0,"157,000","158,000","155,500","716,492"
2021.08.02,"156,500","1,000","157,500","158,500","155,000","809,541"
2021.07.30,"157,500","9,000","165,000","165,500","157,500","2,178,044"
2021.07.29,"166,500","2,500","165,500","167,000","164,000","770,794"
2021.07.28,"164,000","1,000","162,500","165,500","161,000","676,883"
2021.07.27,"163,000",0,"164,500","164,500","162,000","428,806"
2021.07.26,"163,000","3,500","167,500","168,000","163,000","849,316"
2021.07.23,"166,500","2,500","164,500","167,500","164,000","1,191,816"
2021.07.22,"164,000","1,000","163,500","164,500","162,000","806,953"
2021.07.21,"163,000",500,"163,000","164,500","161,500","829,143"
2021.07.20,"162,500","5,000","156,500","163,500","156,000","1,343,210"
2021.07.19,"157,500","3,000","159,000","159,000","157,000","598,680"
2021.07.16,"160,500",500,"159,500","161,500","159,500","523,298"
2021.07.15,"161,000",0,"161,000","162,000","159,500","648,066"
2021.07.14,"161,000","2,500","162,000","162,000","159,000","689,838"
2021.07.13,"163,500","5,000","158,000","163,500","157,500","1,105,815"
2021.07.12,"158,500",500,"160,500","161,000","158,000","781,657"
2021.07.09,"159,000","1,000","158,000","161,500","157,000","1,408,620"
2021.07.08,"160,000","5,000","165,500","165,500","160,000","1,861,927"
2021.07.07,"165,000","5,000","171,000","171,000","163,500","2,371,947"
2021.07.06,"170,000","3,000","168,500","172,000","166,500","1,902,339"
2021.07.05,"167,000","3,500","164,500","167,000","163,500","1,045,443"
2021.07.02,"163,500","1,500","163,500","166,500","163,000","873,575"
2021.07.01,"162,000","1,500","164,000","164,500","160,500","779,316"
2021.06.30,"163,500","2,500","162,500","166,000","162,000","1,118,470"
2021.06.29,"161,000","2,500","164,500","165,000","160,000","903,807"
2021.06.28,"163,500",0,"165,000","166,000","160,500","946,236"
2021.06.25,"163,500",500,"165,500","167,000","162,000","1,132,098"
2021.06.24,"164,000","6,500","158,500","164,500","156,500","2,156,462"
2021.06.23,"157,500","1,500","159,500","162,000","155,500","1,185,360"
2021.06.22,"159,000","1,500","163,000","164,500","159,000","1,111,298"
2021.06.21,"160,500","3,500","155,000","163,500","154,500","1,975,315"
2021.06.18,"157,000","2,500","155,000","158,000","154,500","978,143"
2021.06.17,"154,500","3,000","156,000","156,500","153,000","1,115,514"
2021.06.16,"157,500","1,000","157,500","159,000","156,500","674,520"
2021.06.15,"158,500","1,000","159,000","160,500","156,500","1,021,245"
2021.06.14,"157,500","6,000","152,000","158,500","151,500","1,741,300"
2021.06.11,"151,500","1,500","151,000","153,000","150,500","413,298"
2021.06.10,"150,000",500,"151,000","152,000","149,000","954,307"
2021.06.09,"150,500","2,000","153,000","153,500","150,500","561,497"
2021.06.08,"152,500","2,500","155,000","156,000","152,500","633,240"
2021.06.07,"155,000","1,500","155,000","158,000","154,000","988,186"
2021.06.04,"153,500","1,000","153,500","154,500","152,000","558,204"
2021.06.03,"154,500","3,000","152,000","156,000","152,000","1,156,086"
2021.06.02,"151,500",0,"152,000","153,000","151,000","448,035"
2021.06.01,"151,500",500,"151,500","153,000","150,000","656,695"
2021.05.31,"152,000",500,"153,000","154,500","151,000","530,955"
2021.05.28,"151,500","2,000","150,500","153,000","149,500","612,753"
2021.05.27,"149,500","2,500","152,000","153,500","148,000","1,163,137"
2021.05.26,"152,000","1,500","153,500","155,000","151,000","698,912"
2021.05.25,"153,500","4,000","151,500","154,000","150,500","894,261"
2021.05.24,"149,500",0,"149,500","150,500","147,500","537,981"
2021.05.21,"149,500",0,"151,500","152,000","149,500","686,324"
2021.05.20,"149,500",500,"150,000","151,500","148,000","589,695"
2021.05.18,"150,000","2,500","148,000","150,500","147,000","551,940"
2021.05.17,"147,500","1,000","151,000","151,000","146,000","553,776"
2021.05.14,"148,500",500,"149,000","150,000","146,500","634,322"
2021.05.13,"148,000","1,000","144,500","150,000","144,000","1,541,542"
2021.05.12,"147,000","2,000","148,500","150,000","145,000","1,308,616"
2021.05.11,"149,000","4,500","151,500","152,500","148,500","1,632,384"
2021.05.10,"153,500",500,"154,500","155,000","153,000","1,183,390"
2021.05.07,"153,000","1,500","152,500","155,000","152,000","949,811"
2021.05.06,"151,500","3,000","154,000","154,500","149,500","1,825,692"
2021.05.04,"154,500",500,"155,000","156,500","152,500","1,063,073"
2021.05.03,"155,000","2,500","156,500","158,500","153,000","1,410,927"
2021.04.30,"157,500","4,500","164,000","165,500","157,000","1,601,686"
2021.04.29,"162,000","2,000","165,000","165,500","160,000","1,192,074"
2021.04.28,"164,000","3,000","167,500","168,500","163,000","1,095,517"
2021.04.27,"167,000","2,500","170,000","170,500","166,500","1,027,920"
2021.04.26,"169,500","6,000","165,000","170,000","163,500","1,892,283"
2021.04.23,"163,500",0,"161,500","166,500","160,000","1,125,379"
2021.04.22,"163,500","2,500","167,500","168,500","163,000","1,321,558"
2021.04.21,"166,000","6,000","170,000","170,000","165,500","2,042,543"
2021.04.20,"172,000","1,000","170,500","172,000","168,500","1,209,405"
2021.04.19,"171,000","2,500","170,500","174,500","169,000","2,281,804"
2021.04.16,"168,500","3,500","173,000","173,500","166,500","2,328,661"
2021.04.15,"172,000","10,500","162,000","172,000","161,000","5,009,228"
2021.04.14,"161,500","4,000","163,500","165,000","159,000","2,454,760"
2021.04.13,"157,500","1,000","156,500","158,500","155,000","1,114,768"
2021.04.12,"156,500","2,000","159,000","161,000","156,000","1,005,281"
2021.04.09,"158,500","2,000","157,500","162,500","157,000","1,764,047"
2021.04.08,"156,500","2,000","160,000","160,500","156,000","1,735,278"
2021.04.07,"158,500","1,500","160,000","163,500","158,000","2,655,588"
2021.04.06,"160,000","5,500","158,000","162,500","156,500","3,084,796"
2021.04.05,"154,500","4,000","163,000","165,000","153,000","3,827,492"
2021.04.02,"158,500",500,"159,500","160,000","155,000","1,761,019"
2021.04.01,"159,000","9,000","154,500","160,500","150,500","3,574,578"
2021.03.31,"150,000","2,000","154,000","156,000","149,500","2,039,038"
2021.03.30,"152,000","11,500","144,000","153,000","143,500","3,244,882"
2021.03.29,"140,500","2,500","143,000","143,500","140,000","1,212,152"
2021.03.26,"143,000","5,000","147,000","147,000","140,500","1,993,831"
2021.03.25,"148,000","1,500","146,000","150,500","145,000","1,138,392"
2021.03.24,"146,500","1,000","143,500","147,000","143,500","1,127,948"
2021.03.23,"145,500","9,500","155,000","155,500","145,500","2,053,555"
2021.03.22,"155,000","2,000","154,000","157,000","152,500","962,272"
2021.03.19,"153,000","2,500","151,500","154,000","151,500","1,195,480"
2021.03.18,"155,500","2,500","160,500","161,000","155,500","1,400,789"
2021.03.17,"158,000",0,"158,000","161,000","155,000","1,543,163"
2021.03.16,"158,000","6,500","153,500","159,500","153,000","1,996,472"
2021.03.15,"151,500","1,000","152,500","153,500","150,500","819,248"
2021.03.12,"152,500","5,000","149,500","154,500","149,500","1,567,260"
2021.03.11,"147,500","5,000","143,500","149,000","143,500","1,651,447"
2021.03.10,"142,500","2,000","148,500","149,000","142,000","1,143,711"
2021.03.09,"144,500","1,500","143,500","146,000","142,000","1,530,784"
2021.03.08,"143,000","5,500","149,500","150,000","142,000","1,165,677"
2021.03.05,"148,500","2,500","142,500","149,500","142,000","1,479,199"
2021.03.04,"146,000","4,500","148,000","148,500","145,000","1,342,531"
2021.03.03,"150,500","1,500","149,000","152,000","148,000","1,033,609"
2021.03.02,"149,000","2,500","150,500","152,500","147,000","1,552,321"
2021.02.26,"146,500","7,500","148,000","150,500","146,000","2,453,529"
2021.02.25,"154,000","4,000","153,500","154,500","151,000","1,755,139"
2021.02.24,"150,000","7,500","157,500","159,000","149,000","3,061,646"
2021.02.23,"157,500","8,500","161,000","162,000","157,000","2,897,046"
2021.02.22,"166,000","2,000","172,500","174,500","164,500","2,511,075"
2021.02.19,"168,000","3,000","170,500","172,500","164,000","2,236,161"
2021.02.18,"171,000","5,000","175,000","176,500","168,500","2,499,314"
2021.02.17,"176,000","3,500","172,000","177,000","169,000","2,965,260"
2021.02.16,"172,500","7,500","167,000","174,000","166,000","3,199,701"
2021.02.15,"165,000","2,500","170,500","171,000","165,000","2,113,807"
2021.02.10,"167,500","6,500","163,500","168,500","161,000","3,256,875"
2021.02.09,"161,000","4,000","158,500","168,000","157,000","3,866,170"
2021.02.08,"157,000","1,000","158,000","163,500","157,000","1,895,740"
2021.02.05,"158,000",500,"159,000","160,500","154,500","1,914,947"
2021.02.04,"157,500","7,500","163,000","163,000","156,000","2,660,265"
2021.02.03,"165,000","7,000","160,500","166,000","159,000","3,179,393"
2021.02.02,"158,000",0,"160,000","164,000","156,000","2,620,315"
2021.02.01,"158,000","5,000","153,500","159,000","150,000","3,617,362"
2021.01.29,"153,000","11,500","166,500","166,500","150,500","5,396,272"
2021.01.28,"164,500","2,500","163,500","167,000","161,500","2,465,978"
2021.01.27,"167,000","3,000","170,000","175,500","166,500","3,244,402"
2021.01.26,"170,000","8,000","179,000","181,500","169,000","3,706,727"
2021.01.25,"178,000",500,"177,500","181,000","174,500","2,710,809"
2021.01.22,"177,500","7,500","183,000","193,000","177,500","7,015,098"
2021.01.21,"185,000","18,000","168,500","192,500","163,500","16,304,954"
2021.01.20,"167,000","19,000","148,500","167,000","146,500","10,340,439"
2021.01.19,"148,000","9,000","140,000","149,500","139,000","4,114,713"
2021.01.18,"139,000","1,000","141,500","145,000","138,500","2,469,549"
2021.01.15,"140,000","7,000","145,500","146,000","139,500","3,051,738"
2021.01.14,"147,000","7,000","138,500","150,500","138,500","5,618,859"
2021.01.13,"140,000","1,500","141,000","143,500","137,000","2,589,622"
2021.01.12,"138,500","3,500","140,500","147,500","135,000","4,585,235"
2021.01.11,"142,000","5,500","148,500","152,000","138,000","6,584,433"
2021.01.08,"147,500","2,500","145,000","151,000","140,500","9,472,733"
2021.01.07,"150,000","12,500","139,500","155,000","137,000","9,782,722"
2021.01.06,"137,500","2,500","148,500","150,500","137,000","5,283,488"
2021.01.05,"140,000","2,000","139,000","140,000","137,000","1,602,818"
2021.01.04,"142,000","7,000","136,500","144,000","136,500","1,868,234"
2020.12.30,"135,000","3,500","128,000","136,000","128,000","1,533,422"
2020.12.29,"131,500","7,000","127,500","134,500","125,000","7,476,122"
2020.12.28,"124,500","12,500","114,500","136,500","113,000","21,982,050"
2020.12.24,"112,000","7,500","125,000","128,500","110,500","11,918,248"
2020.12.23,"119,500","27,300","92,700","119,500","91,100","16,565,841"
2020.12.22,"92,200","2,700","94,600","94,700","91,800","943,385"
2020.12.21,"94,900",900,"95,800","95,900","93,600","946,927"
2020.12.18,"95,800","1,100","97,300","97,400","95,700","835,663"
2020.12.17,"96,900",400,"97,000","97,800","96,000","1,038,351"
2020.12.16,"97,300","3,900","94,200","97,500","94,200","1,785,477"
2020.12.15,"93,400","1,600","94,500","94,900","93,000","1,094,196"
2020.12.14,"95,000",800,"95,400","95,700","94,000","1,013,069"
2020.12.11,"95,800",400,"96,100","97,100","94,900","1,013,826"
2020.12.10,"95,400",800,"95,100","95,800","93,800","1,691,356"
2020.12.09,"96,200","1,200","96,800","98,000","95,000","2,114,941"
2020.12.08,"95,000","5,800","91,000","96,500","90,900","4,702,429"
2020.12.07,"89,200","1,300","92,000","92,200","89,000","1,278,901"
2020.12.04,"90,500",200,"90,000","91,500","89,100","1,763,876"
2020.12.03,"90,300","4,400","86,800","90,300","86,600","2,391,369"
2020.12.02,"85,900",100,"86,300","86,300","85,500","818,536"
2020.12.01,"86,000",500,"86,100","86,500","85,500","693,134"
2020.11.30,"85,500","2,300","87,800","87,900","85,500","1,428,395"
2020.11.27,"87,800",800,"87,000","88,000","86,800","750,504"
2020.11.26,"87,000",500,"87,500","88,300","86,300","741,023"
2020.11.25,"87,500","1,100","89,100","89,500","86,600","1,022,025"
2020.11.24,"88,600",600,"89,400","89,500","88,000","871,390"
2020.11.23,"89,200",500,"89,100","89,900","87,700","746,317"
2020.11.20,"88,700",400,"89,700","90,200","87,800","588,066"
2020.11.19,"89,100",300,"90,300","90,700","88,500","1,219,430"
2020.11.18,"88,800","3,800","85,400","89,500","85,100","2,116,015"
2020.11.17,"85,000","1,500","86,600","87,100","84,800","1,066,813"
2020.11.16,"86,500",900,"86,500","87,500","86,300","807,027"
2020.11.13,"85,600",500,"85,900","86,400","85,200","592,333"
2020.11.12,"86,100",700,"87,100","87,200","85,700","781,666"
2020.11.11,"86,800",900,"86,000","87,200","85,800","960,361"
2020.11.10,"85,900","1,400","87,800","87,800","85,500","898,189"
2020.11.09,"87,300",200,"87,900","88,300","87,100","586,050"
2020.11.06,"87,100",600,"86,700","87,200","86,100","707,090"
2020.11.05,"86,500",400,"86,600","87,100","85,900","754,241"
2020.11.04,"86,100",200,"88,100","88,100","86,000","602,908"
2020.11.03,"86,300",800,"85,800","87,100","85,700","409,909"
2020.11.02,"85,500","1,500","85,300","86,300","84,400","510,392"
2020.10.30,"84,000","3,200","87,300","87,400","83,400","981,485"
2020.10.29,"87,200","2,800","88,900","89,200","86,800","786,668"
2020.10.28,"90,000",600,"88,900","90,200","88,800","375,683"
2020.10.27,"89,400",300,"88,800","90,600","88,600","523,862"
2020.10.26,"89,100",500,"89,400","89,800","88,600","397,433"
2020.10.23,"89,600","1,200","89,000","89,700","88,600","453,141"
2020.10.22,"88,400","2,000","90,300","90,300","87,500","598,631"
2020.10.21,"90,400",300,"91,400","91,400","89,800","502,901"
2020.10.20,"90,700","1,600","87,600","90,700","87,600","498,432"
2020.10.19,"89,100",800,"90,500","90,600","88,700","487,840"
2020.10.16,"89,900","1,500","91,600","92,200","89,200","749,853"
2020.10.15,"91,400",0,"91,500","92,400","91,100","678,538"
2020.10.14,"91,400",300,"92,700","92,800","90,600","847,948"
2020.10.13,"91,700",200,"92,500","93,800","91,300","1,015,570"
2020.10.12,"91,900","1,400","93,600","93,800","91,000","1,139,080"
2020.10.08,"93,300","2,800","97,000","98,900","92,700","2,181,852"
2020.10.07,"96,100","1,700","94,400","96,300","92,800","1,263,545"
2020.10.06,"94,400","2,300","93,500","98,500","93,200","2,733,167"
2020.10.05,"92,100",400,"91,000","93,500","90,900","1,007,727"
2020.09.29,"91,700",0,"92,700","93,400","91,500","808,542"
2020.09.28,"91,700","1,200","93,800","94,500","91,500","905,918"
2020.09.25,"92,900","3,400","91,000","93,700","90,200","1,625,943"
2020.09.24,"89,500","1,700","89,600","91,500","89,500","1,150,871"
2020.09.23,"91,200","2,300","89,500","91,500","88,000","1,121,711"
2020.09.22,"88,900","2,000","90,400","91,400","88,000","1,054,942"
2020.09.21,"90,900","1,000","90,100","92,500","89,400","1,050,515"
2020.09.18,"89,900",700,"90,700","90,900","88,700","931,059"
2020.09.17,"90,600",0,"91,000","91,200","88,900","870,174"
2020.09.16,"90,600","1,200","91,200","93,300","90,300","815,205"
2020.09.15,"91,800",300,"92,000","93,100","90,700","952,767"
2020.09.14,"92,100",300,"93,500","94,900","91,300","1,226,790"
2020.09.11,"92,400",800,"93,200","93,900","89,700","1,507,008"
2020.09.10,"93,200","3,000","91,100","95,000","90,500","2,880,767"
2020.09.09,"90,200","4,400","87,200","92,000","84,600","3,555,936"
2020.09.08,"85,800","2,000","84,300","87,200","83,100","1,367,597"
2020.09.07,"83,800",200,"83,700","85,300","82,900","629,528"
2020.09.04,"84,000","1,700","83,000","84,600","83,000","974,597"
2020.09.03,"85,700",800,"86,500","87,300","85,600","764,553"
2020.09.02,"86,500","1,200","89,300","89,700","85,300","1,170,481"
2020.09.01,"87,700","3,500","85,100","87,900","84,700","1,133,236"
2020.08.31,"84,200","1,700","86,100","87,300","84,200","1,388,783"
2020.08.28,"85,900",300,"87,100","87,900","85,200","954,228"
2020.08.27,"86,200","1,700","87,700","88,700","85,500","1,330,067"
2020.08.26,"87,900","2,400","90,200","90,200","86,800","1,571,474"
2020.08.25,"90,300",300,"90,500","92,400","89,600","1,161,120"
2020.08.24,"90,600",300,"90,000","91,600","89,100","1,265,081"
2020.08.21,"90,300","5,400","86,800","91,000","86,700","2,978,055"
2020.08.20,"84,900",100,"84,700","87,300","84,000","1,424,255"
2020.08.19,"85,000","1,000","84,000","88,000","83,600","1,316,003"
2020.08.18,"84,000","4,700","88,300","89,200","82,500","1,462,971"
2020.08.14,"88,700","1,700","87,400","90,000","85,900","1,669,303"
2020.08.13,"87,000",300,"87,700","90,300","85,000","1,950,559"
2020.08.12,"87,300","4,300","82,900","88,900","81,300","2,704,977"
2020.08.11,"83,000","2,700","86,300","86,300","83,000","1,684,857"
2020.08.10,"85,700","8,500","77,100","86,200","76,500","3,706,582"
2020.08.07,"77,200",0,"77,800","78,300","76,300","759,800"
2020.08.06,"77,200","1,100","78,300","78,900","76,900","899,941"
2020.08.05,"78,300",400,"78,900","78,900","76,500","1,197,933"
2020.08.04,"77,900","3,900","74,900","78,100","74,000","1,738,014"
2020.08.03,"74,000","3,300","71,300","74,500","71,000","1,183,563"
2020.07.31,"70,700","1,400","72,200","72,500","70,600","851,076"
2020.07.30,"72,100",100,"72,700","73,500","71,800","735,701"
2020.07.29,"72,000",500,"72,500","73,400","71,700","804,210"
2020.07.28,"72,500","1,100","74,000","74,200","72,100","975,596"
2020.07.27,"73,600",500,"73,700","75,300","73,300","568,984"
2020.07.24,"74,100",0,"73,400","75,200","73,000","698,830"
2020.07.23,"74,100",900,"74,800","74,800","73,100","759,138"
2020.07.22,"75,000",100,"75,000","76,300","74,500","801,570"
2020.07.21,"74,900","1,100","76,200","76,300","74,600","912,127"
2020.07.20,"76,000",300,"75,600","76,200","74,500","901,831"
2020.07.17,"75,700","1,200","75,100","76,700","74,200","1,266,762"
2020.07.16,"74,500",400,"75,100","76,000","73,000","1,184,023"
2020.07.15,"74,900","4,100","71,700","75,000","71,600","2,504,840"
2020.07.14,"70,800","2,300","68,700","71,200","68,600","1,780,194"
2020.07.13,"68,500",300,"69,200","69,400","68,200","569,857"
2020.07.10,"68,200",500,"68,100","68,600","66,500","781,290"
2020.07.09,"67,700","1,300","67,500","68,400","67,100","984,866"
2020.07.08,"66,400",900,"66,200","67,900","65,600","1,111,546"
2020.07.07,"65,500","2,600","69,400","69,500","64,600","1,720,050"
2020.07.06,"68,100","3,100","65,500","68,800","65,000","1,461,414"
2020.07.03,"65,000",400,"65,000","65,400","64,100","494,161"
2020.07.02,"64,600",200,"64,500","65,200","64,000","451,291"
2020.07.01,"64,400","1,200","64,000","65,400","63,600","564,319"
2020.06.30,"63,200",300,"64,000","64,500","63,200","648,411"
2020.06.29,"63,500","1,200","63,800","64,000","62,500","756,841"
2020.06.26,"64,700",0,"65,500","65,500","64,500","528,872"
2020.06.25,"64,700","2,300","65,600","66,000","64,600","798,688"
2020.06.24,"67,000",400,"66,400","68,000","66,200","622,511"
2020.06.23,"66,600",900,"68,100","68,100","65,000","849,668"
2020.06.22,"67,500","1,300","67,900","68,500","67,300","632,910"
2020.06.19,"68,800","1,000","68,500","68,800","65,900","861,053"
2020.06.18,"67,800",400,"68,000","69,200","66,900","946,224"
2020.06.17,"68,200","3,000","64,700","68,300","64,600","1,576,915"
2020.06.16,"65,200","2,300","65,100","66,100","64,400","1,220,699"
2020.06.15,"62,900","4,900","67,000","67,100","62,800","1,545,344"
2020.06.12,"67,800","1,200","65,300","68,900","65,200","1,689,624"
2020.06.11,"69,000","1,100","69,500","70,800","67,500","1,942,350"
2020.06.10,"70,100","3,500","67,400","70,400","66,600","2,744,224"
2020.06.09,"66,600","2,600","64,800","67,100","64,500","1,897,513"
2020.06.08,"64,000","1,000","64,500","64,500","63,000","975,466"
2020.06.05,"63,000",800,"62,200","63,000","61,700","860,924"
2020.06.04,"62,200",100,"62,800","63,100","61,200","934,862"
2020.06.03,"62,100","2,100","60,500","62,400","60,500","1,433,963"
2020.06.02,"60,000",800,"59,200","61,000","59,200","846,026"
2020.06.01,"59,200",100,"59,000","59,500","58,500","550,906"
2020.05.29,"59,300",800,"57,900","59,300","57,500","900,113"
2020.05.28,"58,500","1,000","59,700","59,800","57,400","1,094,166"
2020.05.27,"59,500","2,400","57,500","60,000","57,400","1,707,086"
2020.05.26,"57,100","1,000","56,300","57,800","56,200","674,912"
2020.05.25,"56,100",200,"56,600","56,600","55,400","478,311"
2020.05.22,"56,300",900,"57,200","57,300","55,900","518,452"
2020.05.21,"57,200",800,"58,000","58,300","57,000","709,139"
2020.05.20,"58,000",200,"57,700","58,000","57,100","552,137"
2020.05.19,"58,200","1,800","57,800","58,600","57,200","1,138,915"
2020.05.18,"56,400","2,000","54,800","56,400","54,400","1,005,066"
2020.05.15,"54,400",200,"54,200","54,500","53,400","504,474"
2020.05.14,"54,200",800,"54,500","54,900","53,900","593,689"
2020.05.13,"55,000",500,"53,800","55,000","53,600","577,061"
2020.05.12,"54,500",0,"54,600","55,400","54,000","707,739"
2020.05.11,"54,500",700,"55,400","55,700","54,300","536,547"
2020.05.08,"55,200",500,"55,000","55,500","54,900","632,501"
2020.05.07,"54,700",800,"55,100","55,100","54,100","754,248"
2020.05.06,"55,500",300,"56,300","56,400","55,200","805,783"
2020.05.04,"55,200",300,"54,000","55,800","53,400","1,119,161"
2020.04.29,"54,900","1,300","53,900","55,100","53,600","1,017,067"
2020.04.28,"53,600",200,"53,800","54,500","53,100","712,240"
2020.04.27,"53,400",800,"52,800","53,800","52,700","561,740"
2020.04.24,"52,600",700,"52,800","53,200","52,300","529,035"
2020.04.23,"53,300",900,"52,700","53,500","52,500","702,412"
2020.04.22,"52,400",200,"52,000","52,400","51,300","727,548"
2020.04.21,"52,600","1,200","53,400","53,500","51,700","1,029,388"
2020.04.20,"53,800",700,"54,700","54,800","53,500","809,110"
2020.04.17,"54,500","1,000","54,300","55,900","53,900","1,414,373"
2020.04.16,"53,500",100,"53,100","53,600","52,500","788,724"
2020.04.14,"53,600",400,"53,600","53,900","53,000","922,591"
2020.04.13,"53,200",600,"53,800","54,100","52,800","626,957"
2020.04.10,"53,800",400,"54,100","54,100","53,300","687,486"
2020.04.09,"54,200",900,"54,200","54,300","53,300","926,771"
2020.04.08,"53,300","1,200","54,800","54,800","53,300","1,593,974"
2020.04.07,"54,500","3,400","52,500","55,600","50,900","2,123,508"
2020.04.06,"51,100","1,250","50,400","51,100","49,900","868,309"
2020.04.03,"49,850",550,"50,100","51,200","49,200","963,015"
2020.04.02,"49,300","1,200","49,100","50,000","48,500","1,071,663"
2020.04.01,"48,100",100,"48,250","50,800","47,850","1,298,461"
2020.03.31,"48,200",300,"49,100","49,500","47,600","1,106,424"
2020.03.30,"48,500",900,"48,400","49,200","47,100","937,027"
2020.03.27,"49,400",400,"51,300","51,500","48,000","1,110,394"
2020.03.26,"49,000",500,"49,450","51,300","48,600","1,377,158"
2020.03.25,"48,500","4,100","48,400","48,850","46,800","1,506,779"
2020.03.24,"44,400","2,550","42,700","44,450","42,200","1,316,623"
2020.03.23,"41,850","3,250","42,350","42,850","41,600","1,186,795"
2020.03.20,"45,100","1,450","44,600","45,700","43,550","1,539,670"
2020.03.19,"43,650","4,350","48,900","49,600","43,650","1,601,945"
2020.03.18,"48,000","1,450","50,200","50,800","47,700","886,739"
2020.03.17,"49,450",950,"48,000","52,000","48,000","1,004,008"
2020.03.16,"50,400","2,100","53,100","54,200","50,400","948,845"
2020.03.13,"52,500","3,000","51,100","54,500","50,600","1,968,749"
2020.03.12,"55,500","3,500","58,900","58,900","55,000","1,649,095"
2020.03.11,"59,000","1,000","60,000","61,000","58,100","938,290"
2020.03.10,"60,000","2,200","58,800","61,400","58,400","1,500,440"
2020.03.09,"57,800","2,500","59,000","59,300","57,500","1,001,568"
2020.03.06,"60,300","1,200","60,900","61,100","60,200","542,438"
2020.03.05,"61,500",900,"61,300","61,900","60,800","573,595"
2020.03.04,"60,600",400,"60,100","61,200","60,100","520,867"
2020.03.03,"60,200",100,"61,500","61,700","60,000","587,763"
2020.03.02,"60,100",300,"60,300","61,200","59,600","711,979"
2020.02.28,"60,400","2,000","61,400","61,700","60,000","932,828"
2020.02.27,"62,400",900,"63,000","63,600","62,000","524,379"
2020.02.26,"63,300",300,"62,100","63,700","61,500","607,215"
2020.02.25,"63,000",300,"62,200","63,500","62,100","956,415"
2020.02.24,"63,300","2,800","64,800","65,000","63,100","874,557"
2020.02.21,"66,100","1,100","66,000","67,000","65,800","531,902"
2020.02.20,"67,200","1,600","68,700","69,000","66,700","677,402"
2020.02.19,"68,800",100,"69,300","69,400","68,000","636,116"
2020.02.18,"68,900","1,900","67,900","70,000","67,700","1,338,368"
2020.02.17,"67,000",0,"66,900","67,300","66,000","560,384"
2020.02.14,"67,000",100,"67,200","67,600","66,700","354,348"
2020.02.13,"67,100",800,"68,200","68,400","67,000","699,540"
2020.02.12,"67,900",700,"67,000","68,300","67,000","487,071"
2020.02.11,"67,200",200,"67,500","67,600","66,800","462,160"
2020.02.10,"67,000",300,"67,000","67,000","66,100","364,246"
2020.02.07,"67,300",500,"66,700","67,400","66,500","519,466"
2020.02.06,"66,800","1,600","65,600","67,000","65,500","635,295"
2020.02.05,"65,200",100,"65,600","65,700","64,800","657,342"
2020.02.04,"65,100",200,"64,400","65,400","64,400","716,163"
2020.02.03,"64,900","1,000","65,400","65,600","64,100","797,729"
2020.01.31,"65,900","1,300","67,200","67,600","65,800","697,360"
2020.01.30,"67,200",0,"67,000","67,800","66,900","549,972"
2020.01.29,"67,200",100,"67,100","68,000","66,900","585,990"
2020.01.28,"67,100","1,900","66,600","67,500","66,600","729,302"
2020.01.23,"69,000","1,400","69,600","69,700","68,600","604,024"
2020.01.22,"70,400",300,"69,800","70,500","68,600","546,215"
2020.01.21,"70,100","1,100","71,400","71,600","70,100","379,059"
2020.01.20,"71,200","2,000","69,600","71,700","69,400","894,609"
2020.01.17,"69,200",700,"69,800","70,200","68,900","464,204"
2020.01.16,"69,900",300,"69,800","70,000","68,900","440,562"
2020.01.15,"69,600","1,300","68,800","70,000","68,600","698,052"
2020.01.14,"68,300","1,700","67,200","69,400","67,100","1,081,428"
2020.01.13,"66,600",200,"66,900","67,000","66,200","600,906"
2020.01.10,"66,800",200,"67,000","67,500","66,400","797,710"
2020.01.09,"66,600",900,"68,100","68,300","66,100","1,565,867"
2020.01.08,"67,500","2,800","70,300","70,300","67,000","937,438"
2020.01.07,"70,300",400,"69,800","70,600","69,800","265,311"
2020.01.06,"69,900","1,200","70,300","70,500","69,600","337,026"
2020.01.03,"71,100",100,"71,400","71,900","70,800","369,493"
2020.01.02,"71,000","1,100","71,800","72,100","71,000","284,758"
2019.12.30,"72,100",300,"71,800","72,200","71,600","283,273"
2019.12.27,"71,800",500,"71,300","72,100","71,100","498,244"
2019.12.26,"71,300",600,"72,000","72,200","71,200","372,424"
2019.12.24,"71,900",600,"72,500","72,700","71,900","220,741"
2019.12.23,"72,500",0,"72,600","72,600","71,900","257,344"
2019.12.20,"72,500",0,"72,700","72,700","71,600","403,031"
2019.12.19,"72,500",0,"72,200","72,600","71,800","302,037"
2019.12.18,"72,500",100,"72,400","72,900","71,700","399,504"
2019.12.17,"72,400",400,"72,200","73,100","72,100","455,261"
2019.12.16,"72,000",200,"72,200","72,400","71,700","271,523"
2019.12.13,"72,200",500,"72,500","72,800","72,100","405,472"
2019.12.12,"71,700",500,"71,200","72,100","71,000","979,009"
2019.12.11,"71,200",0,"71,400","71,500","70,400","339,949"
2019.12.10,"71,200","2,100","69,300","71,200","69,200","575,566"
2019.12.09,"69,100","1,100","70,400","70,500","68,700","436,982"
2019.12.06,"70,200",200,"69,700","70,200","69,500","272,392"
2019.12.05,"70,000",0,"70,200","70,600","69,300","295,956"
2019.12.04,"70,000",500,"69,600","70,100","69,400","294,889"
2019.12.03,"70,500",200,"69,800","70,500","69,400","217,447"
2019.12.02,"70,300",400,"70,000","70,400","69,800","237,237"
2019.11.29,"69,900","1,100","71,200","71,200","69,700","350,465"
2019.11.28,"71,000",500,"71,400","71,600","70,200","259,491"
2019.11.27,"71,500",600,"71,500","72,000","71,000","292,977"
2019.11.26,"70,900",500,"71,400","71,900","70,900","697,121"
2019.11.25,"71,400","1,300","70,500","71,400","70,200","380,355"
2019.11.22,"70,100",300,"70,200","70,600","69,500","267,673"
2019.11.21,"70,400",500,"70,700","71,300","69,700","475,086"
2019.11.20,"70,900","1,000","71,500","71,800","70,300","479,826"
2019.11.19,"71,900",400,"71,200","72,500","70,900","538,536"
2019.11.18,"71,500","1,000","70,700","72,200","70,400","609,015"
2019.11.15,"70,500","1,500","69,000","70,700","69,000","728,818"
2019.11.14,"69,000",200,"68,200","69,200","68,200","305,427"
2019.11.13,"68,800",200,"69,000","69,000","67,900","366,473"
2019.11.12,"69,000",300,"69,400","69,900","68,600","311,635"
2019.11.11,"69,300",100,"69,400","69,600","68,600","278,287"
2019.11.08,"69,400",300,"69,300","69,800","68,800","353,530"
2019.11.07,"69,100",400,"68,600","69,400","68,200","427,382"
2019.11.06,"68,700",400,"68,500","69,000","68,200","417,686"
2019.11.05,"68,300","1,200","67,200","68,400","67,200","549,499"
2019.11.04,"67,100",100,"67,700","67,800","67,100","450,676"
2019.11.01,"67,200",300,"66,800","67,400","66,100","404,075"
2019.10.31,"66,900","1,600","68,800","69,600","66,600","1,094,750"
2019.10.30,"68,500",500,"69,300","69,600","68,200","332,728"
2019.10.29,"69,000",200,"69,400","69,600","68,800","307,860"
2019.10.28,"68,800",600,"68,700","69,200","68,400","204,867"
2019.10.25,"68,200",800,"68,600","69,100","67,600","415,169"
2019.10.24,"69,000",400,"68,800","69,200","68,000","327,266"
2019.10.23,"68,600",800,"69,200","69,400","68,400","290,288"
2019.10.22,"69,400",300,"69,100","69,700","69,100","283,529"
2019.10.21,"69,100",300,"69,300","69,400","68,700","208,431"
2019.10.18,"68,800",0,"68,600","69,500","68,400","293,636"
2019.10.17,"68,800","1,500","70,300","70,300","68,300","541,697"
2019.10.16,"70,300",800,"70,000","70,300","69,700","392,730"
2019.10.15,"69,500",600,"68,900","69,600","68,800","442,758"
2019.10.14,"68,900",100,"69,600","70,100","68,800","360,306"
2019.10.11,"68,800",500,"69,100","69,500","68,700","374,565"
2019.10.10,"68,300",0,"67,900","69,000","67,800","808,616"
2019.10.08,"68,300","1,100","69,600","69,600","67,900","894,099"
2019.10.07,"69,400","3,000","66,400","69,700","66,400","955,986"
2019.10.04,"66,400",100,"66,100","66,900","65,800","352,541"
2019.10.02,"66,300",200,"66,500","66,900","66,000","394,430"
2019.10.01,"66,500",900,"67,200","67,300","66,200","488,507"
2019.09.30,"67,400",700,"66,300","67,600","66,000","364,683"
2019.09.27,"66,700",400,"67,300","67,300","66,200","293,599"
2019.09.26,"67,100",900,"66,600","68,100","66,500","579,805"
2019.09.25,"66,200",600,"66,400","66,900","65,800","330,788"
2019.09.24,"66,800","1,700","64,800","67,200","64,800","676,438"
2019.09.23,"65,100",800,"65,800","65,800","65,000","348,446"
2019.09.20,"65,900",700,"65,200","65,900","64,800","499,133"
2019.09.19,"65,200",900,"66,600","66,700","64,800","582,024"
2019.09.18,"66,100",500,"65,800","66,900","65,400","454,311"
2019.09.17,"65,600",600,"65,400","65,800","65,000","495,985"
2019.09.16,"66,200","1,700","65,700","66,500","65,000","935,319"
2019.09.11,"64,500",400,"65,000","65,600","63,700","1,005,230"
2019.09.10,"64,900","3,600","61,300","65,500","61,300","1,293,106"
2019.09.09,"61,300",700,"61,800","62,000","61,200","468,845"
2019.09.06,"62,000",300,"62,700","62,800","61,900","299,704"
2019.09.05,"62,300",200,"62,300","62,600","61,800","691,827"
2019.09.04,"62,100",400,"61,300","62,100","60,700","385,424"
2019.09.03,"61,700",300,"61,400","62,000","60,900","450,012"
2019.09.02,"61,400",100,"61,100","61,500","60,700","253,018"
2019.08.30,"61,300","1,500","60,300","61,800","60,000","624,060"
2019.08.29,"59,800",500,"60,500","60,500","59,500","245,916"
2019.08.28,"60,300","1,100","59,500","60,500","59,500","319,818"
2019.08.27,"59,200",300,"60,000","60,500","59,100","611,051"
2019.08.26,"59,500","1,200","59,800","60,000","59,500","385,090"
2019.08.23,"60,700",100,"60,600","61,000","60,000","300,527"
2019.08.22,"60,600",100,"60,700","61,500","60,600","465,946"
2019.08.21,"60,700",100,"60,600","60,900","60,100","369,160"
2019.08.20,"60,800",500,"60,400","60,900","60,200","339,259"
2019.08.19,"60,300",400,"60,300","60,800","60,100","306,761"
2019.08.16,"59,900",200,"59,700","60,000","58,500","466,335"
2019.08.14,"60,100",300,"60,500","60,800","59,800","513,745"
2019.08.13,"59,800",700,"60,000","60,500","59,600","405,225"
2019.08.12,"60,500",200,"60,600","60,900","60,100","350,227"
2019.08.09,"60,300",700,"60,500","61,500","60,100","641,409"
2019.08.08,"59,600",0,"60,300","60,500","59,600","864,002"
2019.08.07,"59,600",600,"60,300","61,100","59,100","837,509"
2019.08.06,"60,200","1,400","59,300","62,200","59,200","1,042,821"
2019.08.05,"61,600","2,000","62,800","63,300","61,600","806,856"
2019.08.02,"63,600",500,"63,100","64,900","62,800","816,748"
2019.08.01,"64,100","1,200","64,100","65,300","64,000","676,243"
2019.07.31,"65,300","2,200","67,100","67,500","64,600","1,247,381"
2019.07.30,"67,500","1,100","68,400","68,700","67,400","505,505"
2019.07.29,"68,600",0,"68,300","69,700","68,000","377,474"
2019.07.26,"68,600","1,100","69,000","69,600","68,100","614,213"
2019.07.25,"69,700",300,"69,800","70,400","69,300","458,863"
2019.07.24,"70,000",800,"70,600","71,000","69,900","317,197"
2019.07.23,"70,800",100,"70,800","71,200","70,600","362,832"
2019.07.22,"70,700",100,"70,600","71,300","70,300","398,652"
2019.07.19,"70,600","1,500","69,700","70,900","69,300","582,803"
2019.07.18,"69,100","2,000","70,800","71,000","68,700","1,023,088"
2019.07.17,"71,100","1,100","70,300","71,500","70,200","630,890"
2019.07.16,"70,000",300,"70,300","70,800","69,500","568,181"
2019.07.15,"70,300",500,"70,700","70,800","69,800","441,059"
2019.07.12,"70,800",200,"70,800","71,100","70,400","390,397"
2019.07.11,"70,600",0,"70,800","71,400","69,900","756,217"
2019.07.10,"70,600",0,"70,500","71,700","70,500","733,489"
2019.07.09,"70,600",900,"71,500","72,000","70,300","588,749"
2019.07.08,"71,500","1,100","71,900","72,100","70,000","1,088,645"
2019.07.05,"72,600","4,000","76,600","77,200","72,500","1,835,388"
2019.07.04,"76,600",300,"76,700","77,200","75,700","264,621"
2019.07.03,"76,300","1,100","77,500","77,800","76,300","436,849"
2019.07.02,"77,400",700,"76,900","77,500","76,500","559,142"
2019.07.01,"76,700","2,600","78,400","78,400","76,300","1,219,190"
2019.06.28,"79,300",400,"79,600","80,500","78,900","517,996"
2019.06.27,"79,700",400,"79,500","80,400","79,100","494,293"
2019.06.26,"79,300","1,000","79,600","79,900","78,100","599,410"
2019.06.25,"80,300","1,000","81,200","81,300","79,600","399,565"
2019.06.24,"81,300",900,"81,000","81,300","80,300","340,793"
2019.06.21,"80,400",100,"80,500","81,100","79,800","479,526"
2019.06.20,"80,500",300,"80,700","81,500","80,000","426,167"
2019.06.19,"80,800",500,"82,000","82,200","80,000","600,944"
2019.06.18,"81,300",600,"81,100","81,600","80,700","336,762"
2019.06.17,"80,700",0,"80,500","82,600","80,400","511,634"
2019.06.14,"80,700","1,200","81,500","81,700","79,800","697,659"
2019.06.13,"81,900",100,"82,500","82,500","80,500","616,931"
2019.06.12,"82,000",600,"82,600","83,400","81,400","621,262"
2019.06.11,"82,600","4,700","79,100","82,600","78,600","1,765,695"
2019.06.10,"77,900",400,"79,100","79,200","76,500","788,511"
2019.06.07,"78,300",700,"78,000","79,300","77,900","586,903"
2019.06.05,"77,600","1,000","79,400","79,800","77,300","686,357"
2019.06.04,"78,600","2,400","81,100","81,200","78,600","746,768"
2019.06.03,"81,000","2,400","78,300","81,000","77,700","1,199,365"
2019.05.31,"78,600",200,"78,400","79,000","76,900","964,303"
2019.05.30,"78,400","1,400","77,500","78,400","77,100","595,073"
2019.05.29,"77,000",500,"77,300","77,600","76,000","566,640"
2019.05.28,"77,500",900,"76,800","77,800","76,600","849,444"
2019.05.27,"76,600",300,"76,000","77,100","75,500","534,540"
2019.05.24,"76,300","1,000","75,300","76,900","75,300","996,814"
2019.05.23,"75,300","2,200","74,300","75,700","73,600","1,020,203"
2019.05.22,"73,100",200,"73,800","74,000","72,300","570,131"
2019.05.21,"72,900","2,400","70,000","74,000","70,000","977,936"
2019.05.20,"70,500",400,"71,500","71,800","70,400","455,147"
2019.05.17,"70,900",100,"71,600","72,700","70,600","577,604"
2019.05.16,"71,000","1,500","72,500","73,300","70,300","797,872"
2019.05.15,"72,500","1,000","71,500","72,800","71,400","481,239"
2019.05.14,"71,500","1,100","69,800","72,200","69,700","675,293"
2019.05.13,"70,400","2,000","72,400","72,500","70,200","863,415"
2019.05.10,"72,400",900,"73,300","74,100","71,700","889,534"
2019.05.09,"73,300","3,000","76,100","76,500","73,300","882,026"
2019.05.08,"76,300",700,"76,300","77,100","75,900","469,011"
2019.05.07,"77,000",400,"75,200","77,400","75,100","685,250"
2019.05.03,"76,600",200,"76,500","77,200","75,900","409,579"
2019.05.02,"76,800","1,000","75,300","76,900","75,300","574,899"
2019.04.30,"75,800",100,"75,900","76,200","74,700","476,352"
2019.04.29,"75,900","1,100","75,100","75,900","74,700","413,655"
2019.04.26,"74,800","2,200","76,200","76,800","74,500","666,597"
2019.04.25,"77,000","3,300","74,200","77,000","74,100","1,382,565"
2019.04.24,"73,700",500,"75,400","75,400","73,500","611,885"
2019.04.23,"74,200",700,"73,000","74,300","73,000","456,648"
2019.04.22,"73,500",400,"74,400","74,500","73,100","422,266"
2019.04.19,"73,900",100,"74,600","74,900","73,600","451,650"
2019.04.18,"74,000","1,900","75,900","76,500","73,800","935,012"
2019.04.17,"75,900","2,000","77,900","78,000","75,700","996,833"
2019.04.16,"77,900","1,300","76,400","78,000","76,300","767,127"
2019.04.15,"76,600",600,"76,600","77,100","76,000","630,842"
2019.04.12,"76,000","1,400","77,600","77,800","75,800","806,869"
2019.04.11,"77,400",200,"78,000","78,000","76,800","603,065"
2019.04.10,"77,200",400,"77,500","78,400","76,800","863,213"
2019.04.09,"77,600","1,200","77,200","77,900","76,400","1,049,976"
2019.04.08,"76,400",600,"76,500","77,300","75,500","763,891"
2019.04.05,"75,800",200,"75,600","77,500","74,500","1,051,488"
2019.04.04,"75,600",900,"77,100","77,100","75,000","794,535"
2019.04.03,"76,500",600,"76,000","77,700","76,000","887,694"
2019.04.02,"75,900",900,"77,000","78,100","75,500","691,913"
2019.04.01,"76,800","1,700","75,500","76,800","75,100","626,814"
2019.03.29,"75,100","2,900","72,500","75,100","72,500","1,064,758"
2019.03.28,"72,200","1,700","73,600","74,300","71,800","838,816"
2019.03.27,"73,900",600,"74,000","74,900","73,800","511,443"
2019.03.26,"73,300",300,"73,800","75,100","73,000","778,354"
2019.03.25,"73,000","3,100","74,900","75,100","73,000","806,732"
2019.03.22,"76,100","2,000","74,100","76,200","72,800","1,456,647"
2019.03.21,"74,100","3,300","77,400","77,400","73,800","1,570,980"
2019.03.20,"77,400","1,300","76,500","77,500","76,000","623,145"
2019.03.19,"76,100","2,100","78,100","78,600","75,300","874,127"
2019.03.18,"78,200","1,000","78,000","78,800","77,400","585,035"
2019.03.15,"77,200",300,"77,600","78,200","77,000","922,796"
2019.03.14,"77,500","1,200","76,600","78,100","75,800","1,256,548"
2019.03.13,"76,300","1,900","74,500","76,300","74,300","671,827"
2019.03.12,"74,400",900,"75,700","76,100","74,200","642,759"
2019.03.11,"75,300","1,600","74,000","75,900","73,000","796,316"
2019.03.08,"73,700","1,400","75,000","76,100","73,300","734,055"
2019.03.07,"75,100",700,"75,200","76,700","74,200","1,846,111"
2019.03.06,"74,400","3,100","72,300","74,600","72,300","1,630,920"
2019.03.05,"71,300",100,"70,900","72,000","70,300","417,224"
2019.03.04,"71,200",700,"70,800","71,800","70,800","474,980"
2019.02.28,"70,500","1,700","72,500","72,500","70,400","882,603"
2019.02.27,"72,200","1,700","70,500","72,500","70,000","782,090"
2019.02.26,"70,500",800,"71,300","71,700","70,400","509,895"
2019.02.25,"71,300","1,900","73,500","73,600","70,500","1,097,013"
2019.02.22,"73,200",200,"72,900","73,300","72,100","534,335"
2019.02.21,"73,000",300,"72,800","73,500","72,100","678,067"
2019.02.20,"72,700",400,"72,400","73,200","72,300","503,913"
2019.02.19,"72,300",300,"72,000","73,000","71,000","520,978"
2019.02.18,"72,000",0,"73,200","73,400","71,100","585,460"
2019.02.15,"72,000",300,"72,700","73,000","71,400","598,744"
2019.02.14,"72,300",200,"70,500","73,000","70,500","799,937"
2019.02.13,"72,100",200,"72,700","73,900","71,900","1,310,740"
2019.02.12,"71,900","2,600","70,300","72,900","70,300","2,499,697"
2019.02.11,"69,300","4,500","65,000","69,600","64,900","1,987,125"
2019.02.08,"64,800","1,100","65,500","65,700","64,700","690,327"
2019.02.07,"65,900",500,"65,900","66,400","65,300","663,706"
2019.02.01,"65,400","1,200","66,300","66,300","65,200","1,039,069"
2019.01.31,"66,600","1,000","68,100","68,400","66,200","903,199"
2019.01.30,"67,600",200,"68,000","68,500","66,800","825,346"
2019.01.29,"67,400",300,"67,400","67,400","66,200","845,170"
2019.01.28,"67,700","1,800","69,600","70,200","67,600","809,802"
2019.01.25,"69,500","4,300","65,200","69,800","65,200","1,749,374"
2019.01.24,"65,200",0,"65,100","65,800","64,800","620,651"
2019.01.23,"65,200",700,"64,400","65,700","64,300","587,708"
2019.01.22,"64,500","1,900","66,400","66,900","64,100","997,141"
2019.01.21,"66,400",600,"67,700","68,100","65,800","614,764"
2019.01.18,"67,000",900,"66,800","67,300","66,300","488,762"
2019.01.17,"66,100",400,"66,800","67,600","66,000","467,844"
2019.01.16,"66,500",700,"66,000","67,600","66,000","565,004"
2019.01.15,"65,800",100,"65,600","66,500","65,300","560,337"
2019.01.14,"65,900",100,"66,000","66,400","65,000","401,456"
2019.01.11,"66,000",400,"65,700","66,500","65,200","601,380"
2019.01.10,"65,600","2,400","63,100","66,000","62,700","1,065,551"
2019.01.09,"63,200","1,300","61,700","63,700","61,600","950,285"
2019.01.08,"61,900","2,300","63,700","63,700","61,200","1,338,626"
2019.01.07,"64,200","2,000","63,100","64,700","62,700","660,173"
2019.01.04,"62,200",700,"63,000","63,400","61,100","602,100"
2019.01.03,"62,900",100,"63,100","64,100","62,100","604,561"
2019.01.02,"62,800",500,"63,300","64,200","62,700","568,844"
