date,closing_price,prev_price_diff,opening_price,high_price,low_price,volume
2023.05.03,"65,400",300,"65,100","65,600","64,900","8,777,418"
2023.05.02,"65,700",200,"66,000","66,300","65,100","14,396,948"
2023.04.28,"65,500",900,"65,200","65,900","65,000","19,699,481"
2023.04.27,"64,600",500,"64,100","65,000","63,300","14,779,601"
2023.04.26,"64,100",500,"63,600","64,300","63,300","12,664,541"
2023.04.25,"63,600","1,600","65,300","65,400","63,400","16,193,271"
2023.04.24,"65,200",500,"65,300","65,700","64,800","12,986,581"
2023.04.21,"65,700",400,"65,800","65,900","65,400","10,538,622"
2023.04.20,"65,300",200,"65,100","65,300","64,600","9,501,169"
2023.04.19,"65,500",100,"65,500","65,800","65,300","10,255,985"
2023.04.18,"65,600",300,"65,900","66,000","64,800","14,802,060"
2023.04.17,"65,300",200,"65,000","65,600","64,700","13,486,618"
2023.04.14,"65,100","1,000","66,600","66,600","65,000","16,176,490"
2023.04.13,"66,100",100,"65,600","66,100","65,400","15,091,022"
2023.04.12,"66,000",100,"65,800","66,200","65,300","15,021,313"
2023.04.11,"65,900",200,"66,200","66,200","65,400","16,323,183"
2023.04.10,"65,700",700,"64,800","66,300","64,700","18,777,166"
2023.04.07,"65,000","2,700","63,800","65,200","63,800","27,476,120"
2023.04.06,"62,300","1,600","63,500","63,600","62,300","14,992,747"
2023.04.05,"63,900",300,"63,700","64,000","63,400","9,176,149"
2023.04.04,"63,600",500,"63,400","63,800","62,800","11,120,514"
2023.04.03,"63,100",900,"64,000","64,000","63,000","11,973,133"
2023.03.31,"64,000",800,"64,000","64,000","63,700","14,094,479"
2023.03.30,"63,200",500,"63,700","63,700","63,100","15,684,377"
2023.03.29,"62,700",200,"62,500","62,700","62,200","11,216,008"
2023.03.28,"62,900",800,"62,400","62,900","62,100","11,614,118"
2023.03.27,"62,100",900,"62,600","62,800","62,000","11,039,331"
2023.03.24,"63,000",700,"62,700","63,300","62,300","18,278,602"
2023.03.23,"62,300","1,200","60,600","62,300","60,600","15,381,057"
2023.03.22,"61,100",800,"61,000","61,200","60,500","8,978,591"
2023.03.21,"60,300",100,"60,500","60,700","60,100","8,318,514"
2023.03.20,"60,200","1,100","61,100","61,200","60,200","9,618,009"
2023.03.17,"61,300","1,400","60,800","61,300","60,600","14,090,110"
2023.03.16,"59,900",100,"59,200","60,200","59,100","10,611,939"
2023.03.15,"59,800",800,"60,000","60,300","59,600","10,482,149"
2023.03.14,"59,000","1,000","59,400","59,500","59,000","12,147,346"
2023.03.13,"60,000",500,"59,900","60,200","59,300","12,779,724"
2023.03.10,"59,500",600,"59,500","59,700","59,100","11,902,471"
2023.03.09,"60,100",200,"60,500","60,800","59,900","14,334,499"
2023.03.08,"60,300",400,"60,100","60,500","59,900","14,161,857"
2023.03.07,"60,700",800,"61,400","61,400","60,700","11,473,280"
2023.03.06,"61,500","1,000","61,100","61,600","60,800","13,630,602"
2023.03.03,"60,500",300,"61,000","61,200","60,500","10,711,405"
2023.03.02,"60,800",200,"60,900","61,800","60,500","13,095,682"
2023.02.28,"60,600",100,"60,800","61,400","60,500","13,715,861"
2023.02.27,"60,500",800,"60,800","60,800","60,200","11,155,697"
2023.02.24,"61,300",700,"62,300","62,600","61,300","10,308,143"
2023.02.23,"62,000",900,"61,700","62,500","61,500","13,047,099"
2023.02.22,"61,100","1,000","61,500","61,800","61,000","11,959,088"
2023.02.21,"62,100",600,"62,700","62,800","62,000","7,665,046"
2023.02.20,"62,700",100,"62,900","63,000","61,800","12,908,073"
2023.02.17,"62,600","1,100","62,900","63,300","62,400","10,791,265"
2023.02.16,"63,700","1,500","62,500","63,700","62,400","13,798,831"
2023.02.15,"62,200","1,000","63,900","63,900","62,000","13,208,103"
2023.02.14,"63,200",300,"63,600","63,900","63,200","9,126,664"
2023.02.13,"62,900",100,"62,900","63,000","62,300","10,730,362"
2023.02.10,"62,800",200,"62,600","63,000","62,400","9,382,576"
2023.02.09,"63,000",100,"63,000","63,300","62,300","12,164,865"
2023.02.08,"63,100","1,200","62,800","63,300","62,400","12,243,125"
2023.02.07,"61,900",300,"61,900","62,500","61,600","14,491,039"
2023.02.06,"61,600","2,200","62,800","63,000","61,600","15,529,356"
2023.02.03,"63,800",300,"63,900","64,000","63,000","15,194,598"
2023.02.02,"63,500","1,700","63,200","63,900","62,600","23,285,983"
2023.02.01,"61,800",800,"62,600","62,700","61,000","18,570,133"
2023.01.31,"61,000","2,300","63,500","63,700","61,000","29,746,731"
2023.01.30,"63,300","1,300","64,900","64,900","63,100","20,995,234"
2023.01.27,"64,600",700,"64,400","65,000","63,900","18,760,182"
2023.01.26,"63,900",500,"63,800","63,900","63,300","13,278,277"
2023.01.25,"63,400","1,600","63,500","63,700","63,000","16,822,710"
2023.01.20,"61,800",300,"62,100","62,300","61,100","9,646,327"
2023.01.19,"61,500","1,100","60,500","61,500","60,400","12,808,490"
2023.01.18,"60,400",600,"60,700","61,000","59,900","11,584,041"
2023.01.17,"61,000",100,"61,200","61,500","60,600","9,831,456"
2023.01.16,"61,100",300,"61,300","61,600","60,800","10,039,972"
2023.01.13,"60,800",300,"60,500","61,200","60,400","12,510,328"
2023.01.12,"60,500",0,"61,100","61,200","59,900","16,102,561"
2023.01.11,"60,500",100,"61,000","61,200","60,300","12,310,751"
2023.01.10,"60,400",300,"60,200","61,100","59,900","14,859,797"
2023.01.09,"60,700","1,700","59,700","60,700","59,600","18,640,107"
2023.01.06,"59,000",800,"58,300","59,400","57,900","17,334,989"
2023.01.05,"58,200",400,"58,200","58,800","57,600","15,682,826"
2023.01.04,"57,800","2,400","55,700","58,000","55,600","20,188,071"
2023.01.03,"55,400",100,"55,400","56,000","54,500","13,547,030"
2023.01.02,"55,500",200,"55,500","56,100","55,200","10,031,448"
2022.12.29,"55,300","1,300","56,000","56,200","55,300","11,295,935"
2022.12.28,"56,600","1,500","57,600","57,600","56,400","14,665,410"
2022.12.27,"58,100",200,"58,000","58,400","57,900","10,667,027"
2022.12.26,"57,900",200,"58,000","58,100","57,700","6,756,411"
2022.12.23,"58,100","1,000","58,200","58,400","57,700","9,829,407"
2022.12.22,"59,100","1,100","58,100","59,100","58,100","10,720,630"
2022.12.21,"58,000",600,"58,700","59,100","58,000","10,356,971"
2022.12.20,"58,600",900,"59,000","59,100","58,500","9,284,761"
2022.12.19,"59,500",0,"59,500","59,900","59,100","7,696,187"
2022.12.16,"59,500",200,"58,300","59,500","58,300","13,033,596"
2022.12.15,"59,300","1,200","59,800","60,200","59,300","8,716,039"
2022.12.14,"60,500",800,"59,800","60,600","59,800","8,207,485"
2022.12.13,"59,700",200,"59,600","60,300","59,400","9,040,873"
2022.12.12,"59,500",900,"59,900","60,000","59,400","9,036,472"
2022.12.09,"60,400","1,200","59,300","60,600","59,300","10,529,632"
2022.12.08,"59,200",300,"58,700","59,200","58,600","12,986,815"
2022.12.07,"58,900",300,"58,800","59,600","58,500","12,100,662"
2022.12.06,"59,200","1,100","59,800","60,100","59,200","13,888,300"
2022.12.05,"60,300",100,"60,900","61,100","60,000","13,767,787"
2022.12.02,"60,400","2,200","62,500","62,500","60,400","15,331,184"
2022.12.01,"62,600",400,"63,100","63,200","62,300","16,631,445"
2022.11.30,"62,200","1,600","60,400","62,200","60,200","19,768,903"
2022.11.29,"60,600",500,"59,900","60,600","59,800","7,014,160"
2022.11.28,"60,100",900,"60,500","60,500","59,800","8,589,032"
2022.11.25,"61,000",400,"61,400","61,700","60,800","6,677,933"
2022.11.24,"61,400",400,"61,200","61,700","60,900","8,125,010"
2022.11.23,"61,000",400,"61,200","61,300","60,700","8,765,050"
2022.11.22,"60,600",800,"60,900","61,200","60,300","9,411,289"
2022.11.21,"61,400",400,"61,400","61,800","60,800","9,378,097"
2022.11.18,"61,800",400,"61,800","62,400","61,400","12,236,503"
2022.11.17,"61,400","1,300","62,000","62,000","61,300","13,298,296"
2022.11.16,"62,700",300,"62,400","62,700","61,700","12,909,260"
2022.11.15,"62,400",500,"62,200","62,500","61,600","12,310,986"
2022.11.14,"61,900","1,000","62,900","62,900","61,700","15,973,416"
2022.11.11,"62,900","2,500","63,100","63,200","62,300","20,037,163"
2022.11.10,"60,400","1,600","61,400","61,500","60,400","21,087,633"
2022.11.09,"62,000",200,"62,000","62,200","61,300","14,045,592"
2022.11.08,"61,800","1,600","60,500","61,900","60,500","18,273,898"
2022.11.07,"60,200",800,"59,700","60,300","59,400","12,437,246"
2022.11.04,"59,400",200,"59,100","59,500","58,400","12,445,841"
2022.11.03,"59,200",400,"58,600","59,800","58,100","17,492,162"
2022.11.02,"59,600",400,"59,700","60,000","59,300","13,202,919"
2022.11.01,"60,000",600,"59,900","60,300","59,500","17,201,647"
2022.10.31,"59,400","2,100","58,100","59,900","58,000","18,999,514"
2022.10.28,"57,300","2,200","58,900","59,200","57,200","20,924,937"
2022.10.27,"59,500",100,"59,700","60,100","58,900","21,756,712"
2022.10.26,"59,400","1,700","58,000","59,600","57,700","20,824,967"
2022.10.25,"57,700",200,"57,000","58,600","57,000","17,405,678"
2022.10.24,"57,500","1,600","57,000","57,500","56,700","16,944,503"
2022.10.21,"55,900",400,"55,100","56,300","55,100","11,456,060"
2022.10.20,"55,500",300,"55,200","56,000","55,100","17,107,653"
2022.10.19,"55,800",700,"56,700","56,900","55,700","12,660,652"
2022.10.18,"56,500",100,"56,700","57,100","55,800","14,820,702"
2022.10.17,"56,600",300,"55,800","57,000","55,700","13,641,878"
2022.10.14,"56,300","1,100","56,200","56,500","55,800","12,924,326"
2022.10.13,"55,200",600,"55,400","56,100","55,200","13,784,602"
2022.10.12,"55,800",400,"55,700","57,000","55,200","18,408,910"
2022.10.11,"55,400",800,"54,400","55,700","54,000","21,437,877"
2022.10.07,"56,200",100,"55,900","56,900","55,200","16,886,813"
2022.10.06,"56,300",300,"56,700","57,300","56,300","14,944,446"
2022.10.05,"56,000",800,"56,900","57,200","55,400","22,458,970"
2022.10.04,"55,200","2,100","55,300","55,400","54,500","19,148,435"
2022.09.30,"53,100",500,"52,300","53,600","51,800","22,503,249"
2022.09.29,"52,600",300,"53,300","53,700","52,600","13,882,080"
2022.09.28,"52,900","1,300","53,900","54,400","52,500","19,991,129"
2022.09.27,"54,200",300,"53,800","54,200","53,500","16,631,289"
2022.09.26,"53,900",600,"53,700","54,200","53,600","15,008,449"
2022.09.23,"54,500",100,"54,400","54,900","54,200","10,555,964"
2022.09.22,"54,400",900,"54,600","54,700","54,300","12,786,510"
2022.09.21,"55,300",500,"55,400","55,500","55,000","11,863,700"
2022.09.20,"55,800",600,"56,400","57,000","55,800","14,041,465"
2022.09.19,"56,400",200,"56,300","57,000","56,000","12,278,653"
2022.09.16,"56,200",200,"55,600","56,400","55,500","13,456,503"
2022.09.15,"56,000",800,"57,000","57,100","56,000","11,664,819"
2022.09.14,"56,800","1,300","56,200","57,200","56,100","12,524,961"
2022.09.13,"58,100","2,500","57,000","58,500","56,800","17,166,581"
2022.09.08,"55,600",400,"56,200","56,400","55,600","18,000,016"
2022.09.07,"56,000","1,100","56,700","56,700","55,900","17,384,854"
2022.09.06,"57,100",0,"57,200","57,600","56,900","7,503,086"
2022.09.05,"57,100",400,"57,400","57,800","56,800","11,425,977"
2022.09.02,"57,500",900,"58,300","58,600","57,500","15,040,310"
2022.09.01,"58,400","1,300","58,700","58,900","58,300","14,905,777"
2022.08.31,"59,700",900,"58,200","59,900","58,200","14,203,512"
2022.08.30,"58,800",200,"58,700","59,000","58,300","9,690,044"
2022.08.29,"58,600","1,400","58,700","58,900","58,600","9,841,329"
2022.08.26,"60,000",300,"60,300","60,900","59,900","9,499,995"
2022.08.25,"59,700",700,"59,200","59,700","59,000","5,767,902"
2022.08.24,"59,000",100,"59,200","59,500","59,000","8,888,486"
2022.08.23,"59,100",900,"59,000","59,600","59,000","9,041,629"
2022.08.22,"60,000",900,"60,300","60,400","59,800","8,259,865"
2022.08.19,"60,900",600,"61,400","61,600","60,600","6,923,679"
2022.08.18,"61,500","1,100","60,300","61,900","60,000","16,372,754"
2022.08.17,"60,400",600,"61,100","61,200","60,300","9,061,518"
2022.08.16,"61,000",800,"60,500","61,600","60,300","15,036,727"
2022.08.12,"60,200",300,"59,500","60,700","59,400","10,786,658"
2022.08.11,"59,900",800,"59,600","60,000","59,300","15,141,941"
2022.08.10,"59,100",900,"58,900","59,200","58,600","18,084,349"
2022.08.09,"60,000",800,"60,600","60,700","59,600","18,251,170"
2022.08.08,"60,800",700,"61,400","61,400","60,600","11,313,150"
2022.08.05,"61,500",0,"61,700","61,900","61,200","9,567,620"
2022.08.04,"61,500",200,"61,700","61,800","61,200","9,125,439"
2022.08.03,"61,300",400,"61,600","61,600","61,000","10,053,861"
2022.08.02,"61,700",400,"61,200","61,900","61,000","13,614,895"
2022.08.01,"61,300",100,"61,000","61,700","60,300","13,154,816"
2022.07.29,"61,400",500,"62,400","62,600","61,300","15,093,120"
2022.07.28,"61,900",100,"62,300","62,600","61,600","10,745,302"
2022.07.27,"61,800",100,"61,300","61,900","61,200","7,320,997"
2022.07.26,"61,700",600,"60,800","61,900","60,800","6,597,211"
2022.07.25,"61,100",200,"60,900","61,900","60,800","9,193,681"
2022.07.22,"61,300",500,"61,800","62,200","61,200","10,261,310"
2022.07.21,"61,800","1,300","61,100","61,900","60,700","12,291,374"
2022.07.20,"60,500",400,"61,800","62,100","60,500","16,782,238"
2022.07.19,"60,900","1,000","61,400","61,500","60,200","15,248,261"
2022.07.18,"61,900","1,900","60,600","62,000","60,500","20,832,517"
2022.07.15,"60,000","2,500","58,400","60,000","58,100","18,685,583"
2022.07.14,"57,500",500,"57,500","58,200","57,400","15,067,012"
2022.07.13,"58,000",100,"58,300","58,600","58,000","10,841,315"
2022.07.12,"58,100",700,"58,600","58,700","58,100","9,336,061"
2022.07.11,"58,800",100,"59,300","59,600","58,700","13,042,624"
2022.07.08,"58,700",500,"58,600","59,300","58,200","15,339,271"
2022.07.07,"58,200","1,800","56,400","58,700","56,300","21,322,833"
2022.07.06,"56,400",800,"57,300","57,300","56,400","16,820,461"
2022.07.05,"57,200",100,"57,600","58,200","57,200","14,216,539"
2022.07.04,"57,100",900,"56,100","57,400","55,700","17,807,126"
2022.07.01,"56,200",800,"56,900","57,500","55,900","24,982,097"
2022.06.30,"57,000","1,000","57,200","57,600","57,000","18,915,142"
2022.06.29,"58,000","1,400","58,500","58,800","58,000","14,677,138"
2022.06.28,"59,400",600,"59,200","59,500","58,700","13,540,538"
2022.06.27,"58,800",400,"59,000","59,900","58,300","18,122,236"
2022.06.24,"58,400","1,000","57,900","59,100","57,700","23,256,103"
2022.06.23,"57,400",200,"57,700","58,000","56,800","28,338,608"
2022.06.22,"57,600",900,"59,000","59,100","57,600","23,334,687"
2022.06.21,"58,500",200,"58,700","59,200","58,200","25,148,109"
2022.06.20,"58,700","1,100","59,800","59,900","58,100","34,111,306"
2022.06.17,"59,800","1,100","59,400","59,900","59,400","29,053,450"
2022.06.16,"60,900",200,"61,300","61,800","60,500","23,394,895"
2022.06.15,"60,700","1,200","61,300","61,500","60,200","26,811,224"
2022.06.14,"61,900",200,"61,200","62,200","61,100","24,606,419"
2022.06.13,"62,100","1,700","62,400","62,800","62,100","22,157,816"
2022.06.10,"63,800","1,400","64,000","64,400","63,800","22,193,552"
2022.06.09,"65,200",100,"65,100","65,200","64,500","25,790,725"
2022.06.08,"65,300",200,"65,400","65,700","65,300","12,483,180"
2022.06.07,"65,500","1,300","66,200","66,400","65,400","19,355,755"
2022.06.03,"66,800",100,"67,200","67,300","66,800","8,222,883"
2022.06.02,"66,700",700,"66,600","67,000","66,400","14,959,443"
2022.05.31,"67,400",300,"67,500","67,500","66,700","24,365,002"
2022.05.30,"67,700","1,200","67,500","67,800","66,900","14,255,484"
2022.05.27,"66,500",600,"66,700","66,900","66,200","11,405,555"
2022.05.26,"65,900",500,"66,300","67,200","65,500","15,970,890"
2022.05.25,"66,400",100,"66,700","67,100","65,900","15,150,490"
2022.05.24,"66,500","1,400","67,500","67,700","66,500","15,482,576"
2022.05.23,"67,900",100,"68,800","68,800","67,600","13,684,088"
2022.05.20,"68,000",500,"67,800","68,400","67,700","12,109,671"
2022.05.19,"67,500",600,"66,500","67,600","66,500","17,073,727"
2022.05.18,"68,100",500,"68,300","68,700","67,600","16,486,319"
2022.05.17,"67,600","1,300","66,600","67,900","66,600","15,680,447"
2022.05.16,"66,300",200,"67,100","67,400","66,100","11,937,555"
2022.05.13,"66,500","1,600","65,300","66,700","65,200","14,551,536"
2022.05.12,"64,900",800,"65,200","65,500","64,900","16,414,188"
2022.05.11,"65,700",0,"65,500","66,300","65,200","12,330,920"
2022.05.10,"65,700",400,"65,900","66,300","65,300","17,235,605"
2022.05.09,"66,100",400,"66,300","66,900","66,100","11,858,736"
2022.05.06,"66,500","1,400","67,000","67,100","66,500","14,356,156"
2022.05.04,"67,900",400,"68,000","68,400","67,500","11,505,248"
2022.05.03,"67,500",200,"67,400","68,400","67,300","14,168,875"
2022.05.02,"67,300",100,"66,600","67,600","66,500","14,106,184"
2022.04.29,"67,400","2,600","65,100","67,600","65,000","26,190,390"
2022.04.28,"64,800",200,"65,400","65,500","64,500","16,895,527"
2022.04.27,"65,000","1,100","65,400","65,500","64,900","18,122,084"
2022.04.26,"66,100",200,"66,400","66,700","66,100","12,946,923"
2022.04.25,"66,300",700,"66,500","66,700","66,300","11,016,474"
2022.04.22,"67,000",700,"67,200","67,300","66,700","11,791,478"
2022.04.21,"67,700",300,"67,600","68,300","67,500","12,847,448"
2022.04.20,"67,400",100,"67,000","67,400","66,500","16,693,293"
2022.04.19,"67,300",600,"67,100","68,000","67,000","12,959,434"
2022.04.18,"66,700",100,"66,500","67,100","66,100","10,119,203"
2022.04.15,"66,600",900,"67,200","67,300","66,500","13,176,415"
2022.04.14,"67,500","1,200","68,700","68,700","67,500","16,409,494"
2022.04.13,"68,700","1,700","67,300","69,000","67,200","17,378,619"
2022.04.12,"67,000",900,"67,600","67,700","67,000","13,924,389"
2022.04.11,"67,900",100,"67,800","68,100","67,400","12,263,735"
2022.04.08,"67,800",200,"68,100","68,300","67,700","15,453,191"
2022.04.07,"68,000",500,"68,500","68,500","68,000","20,683,327"
2022.04.06,"68,500",700,"68,600","68,800","68,500","15,517,308"
2022.04.05,"69,200",100,"69,400","69,600","69,100","8,467,248"
2022.04.04,"69,300",200,"68,900","69,300","68,600","11,107,905"
2022.04.01,"69,100",500,"69,500","69,500","69,000","15,916,846"
2022.03.31,"69,600",300,"69,900","70,200","69,600","12,510,366"
2022.03.30,"69,900",300,"70,300","70,500","69,800","12,670,187"
2022.03.29,"70,200",500,"70,000","70,300","69,800","13,686,208"
2022.03.28,"69,700",100,"69,500","69,900","69,200","12,619,289"
2022.03.25,"69,800",0,"70,100","70,200","69,600","12,986,010"
2022.03.24,"69,800",700,"69,600","70,300","69,600","37,943,357"
2022.03.23,"70,500",200,"70,600","71,200","70,300","12,398,025"
2022.03.22,"70,300",400,"69,900","70,500","69,900","9,402,666"
2022.03.21,"69,900",800,"70,900","71,000","69,900","11,169,002"
2022.03.18,"70,700",500,"70,600","70,900","70,200","14,410,038"
2022.03.17,"71,200",800,"71,200","71,800","70,900","17,646,315"
2022.03.16,"70,400",900,"70,200","70,500","69,700","10,175,750"
2022.03.15,"69,500",700,"69,800","70,100","69,500","10,258,562"
2022.03.14,"70,200",200,"70,000","70,200","69,600","9,040,993"
2022.03.11,"70,000","1,200","70,500","70,700","69,700","15,787,655"
2022.03.10,"71,200","1,700","70,800","71,200","70,500","21,159,248"
2022.03.08,"69,500",600,"68,800","70,000","68,700","15,828,269"
2022.03.07,"70,100","1,400","70,000","70,600","69,900","18,617,138"
2022.03.04,"71,500","1,400","72,700","72,700","71,200","13,409,634"
2022.03.03,"72,900","1,200","72,300","73,100","72,200","13,232,638"
2022.03.02,"71,700",400,"72,300","72,400","71,500","12,481,430"
2022.02.28,"72,100",200,"71,100","72,100","71,000","17,781,783"
2022.02.25,"71,900",400,"72,100","72,600","71,900","13,168,484"
2022.02.24,"71,500","1,500","72,300","72,300","71,300","15,759,283"
2022.02.23,"73,000",400,"73,800","73,800","72,800","10,397,964"
2022.02.22,"73,400",800,"73,000","73,400","72,800","11,692,469"
2022.02.21,"74,200",100,"73,200","74,300","72,600","10,489,717"
2022.02.18,"74,300",700,"74,600","74,800","73,700","10,122,226"
2022.02.17,"75,000",200,"75,000","75,600","74,500","13,605,382"
2022.02.16,"74,800","1,100","74,600","74,900","74,200","10,767,386"
2022.02.15,"73,700",0,"74,100","74,200","73,100","9,320,365"
2022.02.14,"73,700","1,200","74,400","74,500","73,100","13,993,255"
2022.02.11,"74,900",500,"75,000","75,500","74,600","12,205,407"
2022.02.10,"75,400",700,"75,600","75,800","74,700","17,746,033"
2022.02.09,"74,700","1,200","74,300","74,700","74,000","9,699,122"
2022.02.08,"73,500",500,"73,800","74,200","73,000","11,736,666"
2022.02.07,"73,000","1,000","73,500","73,600","72,400","14,240,838"
2022.02.04,"74,000",700,"74,300","74,600","73,400","12,730,034"
2022.02.03,"73,300",0,"74,900","74,900","73,300","17,744,721"
2022.01.28,"73,300","2,000","71,300","73,700","71,200","21,367,447"
2022.01.27,"71,300","2,000","73,800","74,000","71,300","22,274,777"
2022.01.26,"73,300",700,"73,900","74,400","73,100","12,976,730"
2022.01.25,"74,000","1,100","74,800","75,000","73,200","17,766,704"
2022.01.24,"75,100",500,"75,400","75,800","74,700","13,691,134"
2022.01.21,"75,600",900,"75,800","75,800","74,700","15,774,888"
2022.01.20,"76,500",200,"76,200","76,700","75,900","9,708,168"
2022.01.19,"76,300",700,"76,500","76,900","76,100","10,598,290"
2022.01.18,"77,000",500,"77,600","77,800","76,600","9,592,788"
2022.01.17,"77,500",200,"77,600","77,800","76,900","8,785,122"
2022.01.14,"77,300",600,"77,700","78,100","77,100","10,096,725"
2022.01.13,"77,900","1,000","79,300","79,300","77,900","13,889,401"
2022.01.12,"78,900",0,"79,500","79,600","78,600","11,000,502"
2022.01.11,"78,900",900,"78,400","79,000","78,000","13,221,123"
2022.01.10,"78,000",300,"78,100","78,100","77,100","9,947,422"
2022.01.07,"78,300","1,400","78,100","78,400","77,400","15,163,757"
2022.01.06,"76,900",500,"76,700","77,600","76,600","12,931,954"
2022.01.05,"77,400","1,300","78,800","79,000","76,400","25,470,640"
2022.01.04,"78,700",100,"78,800","79,200","78,300","12,427,416"
2022.01.03,"78,600",300,"79,400","79,800","78,200","13,502,112"
2021.12.30,"78,300",500,"78,900","79,500","78,100","14,236,700"
2021.12.29,"78,800","1,500","80,200","80,200","78,500","19,794,795"
2021.12.28,"80,300",100,"80,200","80,400","79,700","18,226,325"
2021.12.27,"80,200",300,"80,600","80,600","79,800","10,783,368"
2021.12.24,"80,500",600,"80,200","80,800","80,200","12,086,380"
2021.12.23,"79,900",500,"79,800","80,000","79,300","13,577,498"
2021.12.22,"79,400","1,300","78,900","79,400","78,800","17,105,892"
2021.12.21,"78,100","1,000","77,900","78,300","77,500","14,245,298"
2021.12.20,"77,100",900,"77,600","77,800","76,800","11,264,375"
2021.12.17,"78,000",200,"76,800","78,000","76,800","13,108,479"
2021.12.16,"77,800",200,"78,500","78,500","77,400","11,996,128"
2021.12.15,"77,600",600,"76,400","77,600","76,300","9,584,939"
2021.12.14,"77,000",200,"76,500","77,200","76,200","10,976,660"
2021.12.13,"76,800",100,"77,200","78,300","76,500","15,038,750"
2021.12.10,"76,900","1,300","77,400","77,600","76,800","9,155,219"
2021.12.09,"78,200",800,"77,400","78,200","77,000","21,604,528"
2021.12.08,"77,400",0,"78,300","78,600","77,100","21,558,340"
2021.12.07,"77,400","1,100","76,100","77,700","75,600","19,232,453"
2021.12.06,"76,300",700,"75,100","76,700","74,900","16,391,250"
2021.12.03,"75,600",200,"75,600","76,000","74,100","18,330,240"
2021.12.02,"75,800","1,400","73,900","75,800","73,800","23,652,940"
2021.12.01,"74,400","3,100","72,000","74,800","71,600","21,954,856"
2021.11.30,"71,300","1,000","73,200","73,900","70,500","30,364,841"
2021.11.29,"72,300",0,"71,700","73,000","71,400","16,682,559"
2021.11.26,"72,300","1,400","73,500","74,100","72,000","13,002,242"
2021.11.25,"73,700","1,100","75,100","75,100","73,600","12,559,258"
2021.11.24,"74,800",500,"76,000","76,200","74,100","15,652,305"
2021.11.23,"75,300",400,"76,000","76,000","74,500","22,029,195"
2021.11.22,"74,900","3,700","73,300","75,200","73,000","27,506,623"
2021.11.19,"71,200","1,000","70,400","71,400","70,100","11,954,728"
2021.11.18,"70,200",500,"70,700","71,000","70,200","10,144,957"
2021.11.17,"70,700",600,"71,300","71,600","70,600","11,027,606"
2021.11.16,"71,300",100,"71,500","72,000","71,300","10,919,239"
2021.11.15,"71,400",800,"71,700","71,900","70,900","12,420,710"
2021.11.12,"70,600",700,"70,200","70,900","69,900","10,087,450"
2021.11.11,"69,900",300,"69,900","70,000","69,600","11,489,122"
2021.11.10,"70,200",300,"70,300","70,900","70,200","9,422,009"
2021.11.09,"70,500",100,"70,300","71,000","70,100","11,159,589"
2021.11.08,"70,600",400,"70,400","70,600","69,800","11,121,981"
2021.11.05,"70,200",400,"71,600","71,600","70,200","12,667,743"
2021.11.04,"70,600",200,"71,200","71,600","70,500","11,818,987"
2021.11.03,"70,400","1,100","71,700","71,700","70,100","12,770,428"
2021.11.02,"71,500","1,600","70,800","72,200","70,700","16,812,570"
2021.11.01,"69,900",100,"70,200","70,600","69,900","11,503,729"
2021.10.29,"69,800",900,"71,200","71,600","69,700","17,016,151"
2021.10.28,"70,700",600,"69,500","72,200","69,500","20,644,902"
2021.10.27,"70,100","1,000","71,000","71,000","70,000","10,295,316"
2021.10.26,"71,100",900,"70,600","71,500","70,400","10,528,252"
2021.10.25,"70,200",200,"69,900","70,600","69,500","10,029,621"
2021.10.22,"70,400",200,"70,000","70,700","70,000","8,395,448"
2021.10.21,"70,200",100,"70,300","70,600","70,000","10,891,094"
2021.10.20,"70,300",300,"70,700","71,000","70,200","10,151,638"
2021.10.19,"70,600",400,"70,800","71,000","70,400","9,507,991"
2021.10.18,"70,200",100,"70,200","70,300","69,200","13,486,391"
2021.10.15,"70,100",700,"70,200","71,000","70,000","18,051,612"
2021.10.14,"69,400",600,"69,000","69,800","68,800","19,520,641"
2021.10.13,"68,800",200,"68,700","69,600","68,300","24,172,015"
2021.10.12,"69,000","2,500","70,700","70,900","68,700","31,001,484"
2021.10.08,"71,500",100,"72,300","72,400","71,500","14,043,287"
2021.10.07,"71,600",300,"71,600","72,100","71,300","13,683,532"
2021.10.06,"71,300",900,"72,600","72,800","71,200","18,956,962"
2021.10.05,"72,200","1,000","73,000","73,000","71,400","24,013,921"
2021.10.01,"73,200",900,"73,900","74,000","72,900","15,803,395"
2021.09.30,"74,100",0,"74,300","74,800","73,700","19,919,361"
2021.09.29,"74,100","2,200","74,800","75,300","73,800","23,992,458"
2021.09.28,"76,300","1,400","77,700","77,800","76,200","15,406,382"
2021.09.27,"77,700",400,"77,300","77,700","77,000","11,699,798"
2021.09.24,"77,300",100,"77,600","77,700","77,100","12,247,274"
2021.09.23,"77,400",200,"77,500","77,600","76,800","17,055,590"
2021.09.17,"77,200","1,100","76,300","77,200","75,900","16,289,502"
2021.09.16,"76,100",900,"77,300","77,400","76,100","13,067,622"
2021.09.15,"77,000",400,"77,400","77,400","76,400","12,829,128"
2021.09.14,"76,600",300,"77,100","77,700","76,600","18,167,057"
2021.09.13,"76,300","1,000","75,200","76,300","75,100","11,397,775"
2021.09.10,"75,300",0,"75,300","75,600","74,800","10,103,212"
2021.09.09,"75,300","1,000","76,400","76,600","75,000","17,600,770"
2021.09.08,"76,300",200,"76,000","76,400","75,600","11,798,147"
2021.09.07,"76,100","1,200","77,100","77,100","75,900","13,239,401"
2021.09.06,"77,300",700,"76,800","77,600","76,600","12,861,180"
2021.09.03,"76,600",600,"76,400","76,700","76,000","12,096,419"
2021.09.02,"76,000",800,"76,800","76,800","75,700","15,347,486"
2021.09.01,"76,800",100,"76,700","77,100","75,900","16,114,775"
2021.08.31,"76,700","2,100","74,900","76,700","74,300","24,630,370"
2021.08.30,"74,600",300,"75,400","75,500","74,200","12,686,999"
2021.08.27,"74,300",300,"74,300","75,000","73,800","15,172,748"
2021.08.26,"74,600","1,100","76,100","76,200","74,600","16,671,494"
2021.08.25,"75,700",100,"76,200","76,600","74,900","22,319,664"
2021.08.24,"75,600","2,300","73,900","75,700","73,900","21,016,913"
2021.08.23,"73,300",600,"73,300","74,000","73,000","19,384,648"
2021.08.20,"72,700",400,"73,500","73,900","72,500","22,364,803"
2021.08.19,"73,100",800,"73,500","74,400","73,100","22,166,298"
2021.08.18,"73,900",300,"73,900","74,600","73,100","29,192,631"
2021.08.17,"74,200",200,"74,000","75,100","74,000","30,944,847"
2021.08.13,"74,400","2,600","75,800","76,000","74,100","61,270,643"
2021.08.12,"77,000","1,500","77,100","78,200","76,900","42,365,223"
2021.08.11,"78,500","1,700","79,600","79,800","78,500","30,241,137"
2021.08.10,"80,200","1,300","82,300","82,400","80,100","20,362,639"
2021.08.09,"81,500",0,"81,500","82,300","80,900","15,522,581"
2021.08.06,"81,500",600,"81,900","82,500","81,300","13,342,623"
2021.08.05,"82,100",800,"83,300","83,300","82,000","18,485,469"
2021.08.04,"82,900","1,500","82,200","83,100","81,800","25,642,368"
2021.08.03,"81,400","2,100","79,400","81,400","79,300","24,339,360"
2021.08.02,"79,300",800,"79,200","79,500","78,700","11,739,124"
2021.07.30,"78,500",500,"78,900","78,900","78,500","13,823,411"
2021.07.29,"79,000",200,"78,800","79,400","78,800","14,360,453"
2021.07.28,"79,200",700,"78,300","79,200","78,100","12,743,417"
2021.07.27,"78,500",300,"79,200","79,400","78,500","11,427,693"
2021.07.26,"78,800",500,"79,400","79,500","78,800","10,040,975"
2021.07.23,"79,300",400,"79,700","79,900","79,200","9,098,910"
2021.07.22,"79,700","1,200","79,000","79,800","78,900","12,618,790"
2021.07.21,"78,500",500,"79,000","79,100","78,500","12,355,296"
2021.07.20,"79,000",0,"78,500","79,000","78,400","12,456,646"
2021.07.19,"79,000",800,"79,100","79,200","78,800","13,155,414"
2021.07.16,"79,800",800,"80,100","80,100","79,500","10,859,399"
2021.07.15,"80,600","1,100","79,800","80,600","79,500","13,766,279"
2021.07.14,"79,500",300,"79,400","79,600","79,100","11,575,636"
2021.07.13,"79,800",100,"80,000","80,200","79,800","9,863,450"
2021.07.12,"79,700",300,"79,900","80,000","79,500","9,768,108"
2021.07.09,"79,400",500,"79,600","79,800","79,000","22,720,577"
2021.07.08,"79,900",900,"81,100","81,200","79,900","16,660,998"
2021.07.07,"80,800",400,"81,200","81,300","80,300","15,992,202"
2021.07.06,"81,200",800,"80,600","81,200","80,500","12,131,651"
2021.07.05,"80,400",400,"80,100","80,800","80,000","8,330,969"
2021.07.02,"80,000",100,"80,000","80,400","79,900","8,753,097"
2021.07.01,"80,100",600,"80,500","80,600","80,000","13,382,882"
2021.06.30,"80,700",300,"81,100","81,400","80,700","13,288,643"
2021.06.29,"81,000",900,"81,900","82,100","80,800","15,744,317"
2021.06.28,"81,900",300,"81,700","82,000","81,600","11,578,529"
2021.06.25,"81,600",400,"81,500","81,900","81,200","13,481,405"
2021.06.24,"81,200","1,100","80,400","81,400","80,100","18,771,080"
2021.06.23,"80,100",100,"80,500","80,600","79,900","13,856,548"
2021.06.22,"80,000",100,"80,200","80,300","79,900","11,773,365"
2021.06.21,"79,900",600,"79,700","80,000","79,600","16,063,340"
2021.06.18,"80,500",400,"81,100","81,100","80,500","14,916,721"
2021.06.17,"80,900",900,"81,100","81,300","80,700","14,007,385"
2021.06.16,"81,800",900,"81,500","81,900","81,100","14,999,855"
2021.06.15,"80,900",400,"80,900","81,200","80,600","10,075,685"
2021.06.14,"80,500",500,"80,800","80,900","80,500","10,550,078"
2021.06.11,"81,000",0,"81,200","81,700","80,700","14,087,962"
2021.06.10,"81,000",100,"81,300","81,400","80,900","17,586,995"
2021.06.09,"81,100",800,"81,500","82,000","81,100","14,908,823"
2021.06.08,"81,900",0,"82,300","82,600","81,800","12,781,226"
2021.06.07,"81,900",300,"82,700","82,800","81,600","16,496,197"
2021.06.04,"82,200",600,"82,700","82,700","81,500","18,112,259"
2021.06.03,"82,800","2,000","81,300","83,000","81,100","29,546,007"
2021.06.02,"80,800",200,"80,400","81,400","80,300","16,414,644"
2021.06.01,"80,600",100,"80,500","81,300","80,100","14,058,401"
2021.05.31,"80,500",400,"80,300","80,600","79,600","13,321,324"
2021.05.28,"80,100",500,"79,800","80,400","79,400","12,360,199"
2021.05.27,"79,600",200,"80,000","80,000","79,100","23,198,510"
2021.05.26,"79,800",100,"80,400","80,500","79,700","11,984,359"
2021.05.25,"79,900",200,"80,000","80,400","79,800","13,628,942"
2021.05.24,"79,700",400,"80,100","80,400","79,500","13,398,666"
2021.05.21,"80,100",600,"80,100","81,500","79,800","20,961,714"
2021.05.20,"79,500",100,"79,400","79,700","79,100","16,541,828"
2021.05.18,"79,600",0,"79,600","80,000","79,100","17,494,407"
2021.05.17,"79,600",500,"80,800","80,900","79,200","17,740,855"
2021.05.14,"80,100","1,600","79,000","80,300","78,900","16,450,920"
2021.05.13,"78,500","1,500","78,900","79,600","78,400","31,490,096"
2021.05.12,"80,000","1,200","80,800","81,200","79,800","35,812,268"
2021.05.11,"81,200","2,000","82,500","82,600","81,100","28,996,680"
2021.05.10,"83,200","1,300","82,300","83,500","81,800","19,385,027"
2021.05.07,"81,900",400,"81,800","82,100","81,500","14,154,882"
2021.05.06,"82,300",300,"81,700","82,300","81,700","17,047,511"
2021.05.04,"82,600",900,"81,900","82,600","81,800","12,532,550"
2021.05.03,"81,700",200,"81,000","82,400","81,000","15,710,336"
2021.04.30,"81,500",200,"81,900","82,100","81,500","18,673,197"
2021.04.29,"81,700",400,"82,400","82,500","81,500","20,000,973"
2021.04.28,"82,100",800,"83,200","83,200","82,100","15,596,759"
2021.04.27,"82,900",600,"83,200","83,300","82,500","12,941,533"
2021.04.26,"83,500",700,"82,900","83,500","82,600","15,489,938"
2021.04.23,"82,800",400,"81,900","82,900","81,600","17,805,080"
2021.04.22,"82,400",200,"82,900","83,000","82,400","13,934,746"
2021.04.21,"82,600","1,300","83,300","83,500","82,500","21,636,079"
2021.04.20,"83,900",600,"83,300","84,000","83,100","15,521,965"
2021.04.19,"83,300",600,"83,800","84,000","83,300","15,287,311"
2021.04.16,"83,900",200,"84,700","84,700","83,600","15,429,522"
2021.04.15,"84,100",100,"83,700","84,500","83,400","16,377,412"
2021.04.14,"84,000",0,"84,000","84,300","83,400","13,794,652"
2021.04.13,"84,000",800,"83,000","84,500","82,800","15,238,206"
2021.04.12,"83,200",400,"84,100","84,100","83,100","12,915,282"
2021.04.09,"83,600","1,100","84,700","84,900","83,400","18,193,707"
2021.04.08,"84,700",900,"85,700","85,700","84,100","19,244,259"
2021.04.07,"85,600",400,"86,100","86,200","85,400","17,885,538"
2021.04.06,"86,000",600,"86,200","86,200","85,100","19,042,023"
2021.04.05,"85,400",600,"85,800","86,000","84,800","16,255,990"
2021.04.02,"84,800","1,900","84,000","85,200","83,900","22,997,538"
2021.04.01,"82,900","1,500","82,500","83,000","82,000","18,676,461"
2021.03.31,"81,400",800,"82,400","82,700","81,400","17,240,518"
2021.03.30,"82,200",600,"81,600","82,300","81,300","13,121,698"
2021.03.29,"81,600",100,"81,700","81,700","81,000","14,952,134"
2021.03.26,"81,500",300,"81,400","81,600","81,000","12,845,778"
2021.03.25,"81,200",200,"81,000","82,100","80,800","14,758,826"
2021.03.24,"81,000",800,"81,000","81,600","80,700","17,926,638"
2021.03.23,"81,800",200,"82,600","82,900","81,800","13,299,907"
2021.03.22,"82,000",100,"82,000","82,300","81,700","12,670,506"
2021.03.19,"81,900","1,000","82,100","82,500","81,800","15,869,700"
2021.03.18,"82,900",600,"82,800","83,800","82,600","18,585,244"
2021.03.17,"82,300",500,"82,800","82,900","82,000","11,625,146"
2021.03.16,"82,800","1,000","82,200","83,000","82,100","12,293,537"
2021.03.15,"81,800","1,000","82,800","82,900","81,800","13,735,798"
2021.03.12,"82,800",800,"83,100","83,500","82,400","13,530,573"
2021.03.11,"82,000","1,100","81,000","82,500","81,000","23,818,297"
2021.03.10,"80,900",500,"82,400","82,500","80,700","20,038,422"
2021.03.09,"81,400",600,"81,400","81,900","80,600","25,420,764"
2021.03.08,"82,000",100,"82,900","83,000","81,600","17,641,256"
2021.03.05,"82,100",300,"81,100","82,600","81,100","20,508,971"
2021.03.04,"82,400","1,600","82,600","83,200","82,200","24,348,331"
2021.03.03,"84,000",400,"83,500","84,000","82,800","19,882,132"
2021.03.02,"83,600","1,100","85,100","85,300","83,000","33,498,180"
2021.02.26,"82,500","2,800","82,800","83,400","82,000","38,520,800"
2021.02.25,"85,300","3,300","84,000","85,400","83,000","34,155,986"
2021.02.24,"82,000",0,"81,800","83,600","81,300","26,807,651"
2021.02.23,"82,000",200,"81,200","82,900","81,100","20,587,314"
2021.02.22,"82,200",400,"83,800","84,200","82,200","25,419,886"
2021.02.19,"82,600",500,"82,300","82,800","81,000","25,880,879"
2021.02.18,"82,100","1,100","83,200","83,600","82,100","21,327,683"
2021.02.17,"83,200","1,700","83,900","84,200","83,000","18,307,735"
2021.02.16,"84,900",700,"84,500","86,000","84,200","20,483,100"
2021.02.15,"84,200","2,600","83,800","84,500","83,300","23,529,706"
2021.02.10,"81,600","1,100","82,600","82,600","81,600","23,025,766"
2021.02.09,"82,700",300,"84,000","84,800","82,700","20,898,332"
2021.02.08,"83,000",500,"83,800","84,200","83,000","15,338,765"
2021.02.05,"83,500","1,000","83,100","84,000","82,500","18,036,835"
2021.02.04,"82,500","2,100","83,500","83,800","82,100","24,171,688"
2021.02.03,"84,600",200,"84,800","85,400","83,400","22,112,205"
2021.02.02,"84,400","1,400","84,100","86,400","83,700","26,302,077"
2021.02.01,"83,000","1,000","81,700","83,400","81,000","28,046,832"
2021.01.29,"82,000","1,700","84,500","85,000","82,000","39,615,978"
2021.01.28,"83,700","1,900","83,200","85,600","83,200","31,859,808"
2021.01.27,"85,600","1,100","86,600","87,700","85,600","26,423,070"
2021.01.26,"86,700","2,700","88,800","89,200","86,500","33,178,936"
2021.01.25,"89,400","2,600","87,000","89,900","86,300","27,258,534"
2021.01.22,"86,800","1,300","89,000","89,700","86,800","30,861,661"
2021.01.21,"88,100",900,"87,500","88,600","86,500","25,318,011"
2021.01.20,"87,200",200,"89,000","89,000","86,500","25,211,127"
2021.01.19,"87,000","2,000","84,500","88,000","83,600","39,895,044"
2021.01.18,"85,000","3,000","86,600","87,300","84,100","43,227,951"
2021.01.15,"88,000","1,700","89,800","91,800","88,000","33,431,809"
2021.01.14,"89,700",0,"88,700","90,000","88,700","26,393,970"
2021.01.13,"89,700",900,"89,800","91,200","89,100","36,068,848"
2021.01.12,"90,600",400,"90,300","91,400","87,800","48,682,416"
2021.01.11,"91,000","2,200","90,000","96,800","89,500","90,306,177"
2021.01.08,"88,800","5,900","83,300","90,000","83,000","59,013,307"
2021.01.07,"82,900",700,"82,800","84,200","82,700","32,644,642"
2021.01.06,"82,200","1,700","83,300","84,500","82,100","42,089,013"
2021.01.05,"83,900",900,"81,600","83,900","81,600","35,335,669"
2021.01.04,"83,000","2,000","81,000","84,400","80,200","38,655,276"
2020.12.30,"81,000","2,700","77,400","81,300","77,300","29,417,421"
2020.12.29,"78,300",400,"78,800","78,900","77,300","30,339,449"
2020.12.28,"78,700",900,"79,000","80,100","78,200","40,085,044"
2020.12.24,"77,800","3,900","74,100","78,800","74,000","32,502,870"
2020.12.23,"73,900","1,600","72,400","74,000","72,300","19,411,326"
2020.12.22,"72,300",700,"72,500","73,200","72,100","16,304,910"
2020.12.21,"73,000",0,"73,100","73,400","72,000","20,367,355"
2020.12.18,"73,000",300,"73,300","73,700","73,000","17,613,029"
2020.12.17,"73,300",500,"73,400","73,700","72,600","24,293,214"
2020.12.16,"73,800",0,"74,100","74,500","73,400","17,512,081"
2020.12.15,"73,800",0,"73,800","74,100","73,300","20,863,671"
2020.12.14,"73,800",400,"73,600","74,500","73,200","21,510,415"
2020.12.11,"73,400",500,"73,500","73,800","73,100","18,486,672"
2020.12.10,"72,900","1,000","72,700","73,800","72,500","39,882,928"
2020.12.09,"73,900","2,200","72,100","73,900","72,000","24,077,996"
2020.12.08,"71,700","1,200","72,200","72,900","71,600","25,000,338"
2020.12.07,"72,900","1,400","72,400","73,500","71,900","28,490,496"
2020.12.04,"71,500","1,800","70,400","72,100","70,100","28,130,533"
2020.12.03,"69,700",200,"70,100","70,500","69,300","23,677,989"
2020.12.02,"69,500","1,700","68,400","69,900","68,300","29,703,942"
2020.12.01,"67,800","1,100","67,100","68,300","67,100","22,327,173"
2020.11.30,"66,700","1,500","68,400","68,600","66,700","43,811,016"
2020.11.27,"68,200",200,"68,000","68,400","67,600","14,063,434"
2020.11.26,"68,000","1,400","66,100","68,000","66,000","19,023,323"
2020.11.25,"66,600","1,100","67,900","68,300","66,500","32,447,065"
2020.11.24,"67,700",200,"67,900","69,500","67,000","32,158,235"
2020.11.23,"67,500","2,800","64,800","67,800","64,700","27,134,398"
2020.11.20,"64,700",100,"63,900","65,200","63,900","15,068,682"
2020.11.19,"64,600",200,"64,100","64,800","63,900","16,590,290"
2020.11.18,"64,800",900,"65,700","66,200","64,700","22,963,790"
2020.11.17,"65,700",600,"67,000","67,000","65,600","30,204,089"
2020.11.16,"66,300","3,100","64,000","66,700","63,900","36,354,334"
2020.11.13,"63,200","2,200","61,300","63,200","61,000","31,508,829"
2020.11.12,"61,000",300,"61,000","61,400","60,700","19,800,573"
2020.11.11,"61,300","1,100","60,700","61,400","60,400","25,628,510"
2020.11.10,"60,200",0,"60,500","60,500","59,500","19,073,552"
2020.11.09,"60,200",100,"60,700","60,900","60,100","15,892,961"
2020.11.06,"60,100",200,"60,700","60,800","59,600","16,910,230"
2020.11.05,"60,300","1,800","59,000","60,300","58,800","20,639,475"
2020.11.04,"58,500",300,"58,900","59,000","57,800","21,718,561"
2020.11.03,"58,800","1,400","57,900","58,900","57,600","14,950,919"
2020.11.02,"57,400",800,"56,400","57,500","56,000","20,489,076"
2020.10.30,"56,600","1,500","58,000","58,000","56,600","26,907,844"
2020.10.29,"58,100",900,"58,200","58,500","57,500","22,636,966"
2020.10.28,"59,000",800,"59,400","59,400","58,800","14,428,882"
2020.10.27,"59,800",600,"60,300","60,300","59,500","17,260,416"
2020.10.26,"60,400",200,"60,400","61,100","60,100","13,268,226"
2020.10.23,"60,200",100,"60,400","60,400","59,800","9,322,232"
2020.10.22,"60,100",800,"60,300","60,500","59,800","14,294,095"
2020.10.21,"60,900",0,"61,200","61,500","60,600","15,703,443"
2020.10.20,"60,900",900,"60,300","60,900","60,100","19,326,115"
2020.10.19,"60,000",500,"59,600","60,200","59,500","14,474,985"
2020.10.16,"59,500",500,"60,000","60,400","59,000","16,554,190"
2020.10.15,"60,000",900,"60,700","60,800","59,700","17,756,232"
2020.10.14,"60,900",0,"61,000","61,100","60,500","16,086,716"
2020.10.13,"60,900",500,"61,000","61,400","60,400","19,247,631"
2020.10.12,"60,400",700,"60,000","60,400","59,900","16,145,837"
2020.10.08,"59,700",200,"60,500","60,700","59,500","24,589,924"
2020.10.07,"59,900",900,"58,700","59,900","58,500","14,861,838"
2020.10.06,"59,000",300,"59,400","59,900","58,700","14,463,826"
2020.10.05,"58,700",500,"57,500","59,200","57,500","20,228,289"
2020.09.29,"58,200",0,"58,300","59,000","58,200","15,503,563"
2020.09.28,"58,200",300,"58,300","58,800","57,900","12,614,080"
2020.09.25,"57,900",100,"57,700","58,200","57,700","11,444,683"
2020.09.24,"57,800",800,"57,700","58,600","57,600","17,564,020"
2020.09.23,"58,600",400,"58,400","58,800","57,400","20,111,398"
2020.09.22,"58,200","1,000","59,100","59,700","57,800","20,830,381"
2020.09.21,"59,200",100,"59,100","60,000","59,000","15,140,387"
2020.09.18,"59,300",200,"59,800","59,900","59,100","18,884,571"
2020.09.17,"59,500","1,500","60,700","60,800","59,300","25,108,356"
2020.09.16,"61,000",0,"61,100","61,300","60,600","17,041,444"
2020.09.15,"61,000",600,"60,900","61,000","60,500","17,877,075"
2020.09.14,"60,400","1,400","60,200","60,800","59,900","20,648,281"
2020.09.11,"59,000",200,"59,300","59,400","58,200","16,017,098"
2020.09.10,"59,200",800,"59,900","60,000","59,100","29,923,293"
2020.09.09,"58,400",300,"58,200","59,300","57,800","30,597,399"
2020.09.08,"58,700","2,200","57,400","58,700","57,200","31,517,520"
2020.09.07,"56,500",900,"56,100","57,300","55,800","18,685,880"
2020.09.04,"55,600",800,"55,200","55,800","55,100","22,139,109"
2020.09.03,"56,400","2,000","55,600","56,700","55,500","28,384,920"
2020.09.02,"54,400",200,"54,600","55,100","54,100","16,905,723"
2020.09.01,"54,200",200,"54,100","54,800","54,100","19,363,117"
2020.08.31,"54,000","1,400","56,000","56,100","54,000","32,671,367"
2020.08.28,"55,400",200,"56,100","56,300","55,400","14,619,888"
2020.08.27,"55,600",800,"56,300","56,300","55,600","16,196,568"
2020.08.26,"56,400",0,"56,400","56,500","55,700","17,651,593"
2020.08.25,"56,400",300,"56,400","56,800","56,100","14,021,705"
2020.08.24,"56,100",200,"55,800","56,600","55,400","15,055,896"
2020.08.21,"55,900",500,"56,200","56,900","55,800","21,142,288"
2020.08.20,"55,400","2,400","57,600","57,600","55,300","30,386,029"
2020.08.19,"57,800",600,"59,000","59,200","57,800","16,930,719"
2020.08.18,"58,400",400,"58,900","59,900","58,000","25,307,825"
2020.08.14,"58,000",700,"58,000","58,400","57,700","15,672,548"
2020.08.13,"58,700",300,"59,400","59,600","58,000","22,089,460"
2020.08.12,"59,000",800,"58,200","59,000","57,700","18,573,934"
2020.08.11,"58,200",400,"58,000","59,500","57,800","24,907,912"
2020.08.10,"57,800",300,"57,600","58,300","57,500","17,774,291"
2020.08.07,"57,500",500,"57,900","58,400","57,100","18,751,717"
2020.08.06,"58,000","1,100","57,100","58,400","57,100","21,625,874"
2020.08.05,"56,900",400,"57,300","57,500","56,300","17,739,706"
2020.08.04,"57,300",500,"57,200","58,100","57,000","19,419,694"
2020.08.03,"56,800","1,100","57,800","57,900","56,700","21,158,940"
2020.07.31,"57,900","1,100","59,500","59,600","57,700","21,943,345"
2020.07.30,"59,000",0,"59,700","60,100","59,000","19,285,354"
2020.07.29,"59,000",400,"60,300","60,400","58,600","36,476,611"
2020.07.28,"58,600","3,000","57,000","58,800","56,400","48,431,566"
2020.07.27,"55,600","1,400","54,300","55,700","54,300","21,054,421"
2020.07.24,"54,200",100,"54,000","54,400","53,700","10,994,535"
2020.07.23,"54,100",600,"54,700","54,700","53,800","16,214,932"
2020.07.22,"54,700",600,"55,300","55,500","54,700","12,885,057"
2020.07.21,"55,300","1,100","55,200","55,400","54,800","18,297,260"
2020.07.20,"54,200",200,"54,800","54,800","54,000","10,507,530"
2020.07.17,"54,400",600,"54,200","54,700","54,100","10,096,174"
2020.07.16,"53,800",900,"54,800","54,800","53,800","16,779,127"
2020.07.15,"54,700",900,"54,400","55,000","54,300","24,051,450"
2020.07.14,"53,800",400,"53,700","53,800","53,200","14,269,484"
2020.07.13,"53,400",700,"53,300","53,800","53,100","12,240,188"
2020.07.10,"52,700",100,"53,100","53,200","52,300","13,714,746"
2020.07.09,"52,800",200,"53,200","53,600","52,800","17,054,850"
2020.07.08,"53,000",400,"53,600","53,900","52,900","19,664,652"
2020.07.07,"53,400","1,600","55,800","55,900","53,400","30,760,032"
2020.07.06,"55,000","1,400","54,000","55,000","53,800","19,856,623"
2020.07.03,"53,600",700,"53,000","53,600","52,700","11,887,868"
2020.07.02,"52,900",300,"52,100","52,900","52,100","14,142,583"
2020.07.01,"52,600",200,"53,400","53,600","52,400","16,706,143"
2020.06.30,"52,800",400,"53,900","53,900","52,800","21,157,172"
2020.06.29,"52,400",900,"52,500","53,200","52,000","17,776,925"
2020.06.26,"53,300","1,400","52,800","53,900","52,200","21,575,360"
2020.06.25,"51,900","1,000","52,100","53,000","51,900","18,541,624"
2020.06.24,"52,900","1,500","51,900","53,900","51,600","24,519,552"
2020.06.23,"51,400",600,"52,500","52,800","51,100","18,086,152"
2020.06.22,"52,000",900,"52,000","52,600","51,800","13,801,350"
2020.06.19,"52,900",600,"52,600","52,900","51,600","18,157,985"
2020.06.18,"52,300",100,"52,200","52,300","51,600","15,982,926"
2020.06.17,"52,200",100,"52,100","52,900","51,300","26,672,595"
2020.06.16,"52,100","2,200","51,200","52,100","50,600","21,808,375"
2020.06.15,"49,900","2,400","51,400","52,000","49,900","28,772,921"
2020.06.12,"52,300","2,000","52,100","52,800","51,500","26,976,019"
2020.06.11,"54,300","1,100","54,500","55,100","53,200","33,815,123"
2020.06.10,"55,400",100,"55,100","55,900","54,900","16,742,493"
2020.06.09,"55,500",600,"55,800","56,500","54,400","23,998,831"
2020.06.08,"54,900",600,"56,400","56,500","54,700","25,634,965"
2020.06.05,"55,500",900,"54,400","55,900","54,000","22,743,629"
2020.06.04,"54,600",100,"55,800","57,000","54,600","40,220,334"
2020.06.03,"54,500","3,100","51,800","55,000","51,700","49,257,814"
2020.06.02,"51,400",200,"51,000","51,500","50,800","14,247,933"
2020.06.01,"51,200",500,"50,800","51,200","50,600","16,949,183"
2020.05.29,"50,700",300,"50,000","50,700","49,700","27,596,961"
2020.05.28,"50,400",500,"51,100","51,200","49,900","31,309,318"
2020.05.27,"49,900",650,"48,950","50,000","48,800","19,548,479"
2020.05.26,"49,250",400,"48,700","49,450","48,600","15,127,490"
2020.05.25,"48,850",100,"48,750","48,900","48,450","14,337,913"
2020.05.22,"48,750","1,200","49,600","49,800","48,600","19,706,284"
2020.05.21,"49,950",50,"50,300","50,400","49,850","14,949,266"
2020.05.20,"50,000",300,"50,000","50,200","49,800","14,896,899"
2020.05.19,"50,300","1,500","50,100","50,500","49,700","25,168,295"
2020.05.18,"48,800",950,"47,950","49,100","47,600","20,481,981"
2020.05.15,"47,850",150,"48,400","48,450","47,700","18,463,118"
2020.05.14,"48,000",550,"47,750","48,100","47,650","19,305,974"
2020.05.13,"48,550",650,"47,250","48,550","47,200","20,223,277"
2020.05.12,"47,900",500,"48,400","48,500","47,550","23,433,590"
2020.05.11,"48,400",400,"48,900","49,250","48,300","16,357,743"
2020.05.08,"48,800",0,"49,100","49,350","48,800","15,319,700"
2020.05.07,"48,800",400,"49,200","49,300","48,700","13,884,411"
2020.05.06,"49,200",700,"49,000","49,200","48,500","18,070,225"
2020.05.04,"48,500","1,500","48,900","49,100","48,500","26,083,749"
2020.04.29,"50,000",100,"49,900","50,500","49,600","15,604,533"
2020.04.28,"50,100",250,"49,850","50,100","49,300","16,095,399"
2020.04.27,"49,850",500,"49,350","50,000","49,100","14,049,471"
2020.04.24,"49,350",500,"49,650","49,750","49,000","15,618,347"
2020.04.23,"49,850",0,"50,200","50,300","49,500","18,754,442"
2020.04.22,"49,850",600,"48,700","50,000","48,350","18,613,864"
2020.04.21,"49,250",850,"49,400","49,700","48,700","27,407,543"
2020.04.20,"50,100","1,300","51,400","51,400","50,000","21,866,354"
2020.04.17,"51,400","2,400","50,800","52,000","50,300","32,041,675"
2020.04.16,"49,000",0,"49,350","49,350","48,550","23,349,760"
2020.04.14,"49,000",700,"48,800","49,200","48,300","14,206,216"
2020.04.13,"48,300",950,"48,650","48,900","48,300","14,431,800"
2020.04.10,"49,250",150,"48,950","49,250","48,650","17,839,111"
2020.04.09,"49,100",500,"49,750","49,800","48,700","22,628,058"
2020.04.08,"48,600","1,000","49,600","49,750","48,600","25,010,314"
2020.04.07,"49,600",900,"49,650","50,200","49,000","31,524,034"
2020.04.06,"48,700","1,700","47,500","48,800","47,250","23,395,726"
2020.04.03,"47,000",200,"47,400","47,600","46,550","22,784,682"
2020.04.02,"46,800","1,000","46,200","46,850","45,350","21,621,076"
2020.04.01,"45,800","1,950","47,450","47,900","45,800","27,259,532"
2020.03.31,"47,750",100,"48,000","48,500","47,150","30,654,261"
2020.03.30,"47,850",450,"47,050","48,350","46,550","26,797,395"
2020.03.27,"48,300",500,"49,600","49,700","46,850","39,896,178"
2020.03.26,"47,800",850,"49,000","49,300","47,700","42,185,129"
2020.03.25,"48,650","1,700","48,950","49,600","47,150","52,735,922"
2020.03.24,"46,950","4,450","43,850","46,950","43,050","49,801,908"
2020.03.23,"42,500","2,900","42,600","43,550","42,400","41,701,626"
2020.03.20,"45,400","2,450","44,150","45,500","43,550","49,730,008"
2020.03.19,"42,950","2,650","46,400","46,650","42,300","56,925,513"
2020.03.18,"45,600","1,700","47,750","48,350","45,600","40,152,623"
2020.03.17,"47,300","1,600","46,900","49,650","46,700","51,218,151"
2020.03.16,"48,900","1,050","50,100","50,900","48,800","33,339,821"
2020.03.13,"49,950",850,"47,450","51,600","46,850","59,462,933"
2020.03.12,"50,800","1,300","51,000","51,900","49,300","48,149,999"
2020.03.11,"52,100","2,500","54,300","54,400","52,000","45,707,281"
2020.03.10,"54,600",400,"53,800","54,900","53,700","32,106,554"
2020.03.09,"54,200","2,300","54,700","55,000","53,600","30,261,485"
2020.03.06,"56,500","1,300","56,500","57,200","56,200","18,716,656"
2020.03.05,"57,800",400,"57,600","58,000","56,700","21,698,990"
2020.03.04,"57,400","2,000","54,800","57,600","54,600","24,765,728"
2020.03.03,"55,400",400,"56,700","56,900","55,100","30,330,295"
2020.03.02,"55,000",800,"54,300","55,500","53,600","30,403,412"
2020.02.28,"54,200","1,700","55,000","55,500","54,200","30,054,227"
2020.02.27,"55,900",600,"56,300","56,900","55,500","23,209,541"
2020.02.26,"56,500","1,400","56,000","57,000","56,000","25,483,102"
2020.02.25,"57,900","1,100","56,200","58,000","56,200","23,885,408"
2020.02.24,"56,800","2,400","57,400","58,100","56,800","25,627,537"
2020.02.21,"59,200",800,"58,800","59,800","58,500","13,777,393"
2020.02.20,"60,000",200,"60,700","61,300","59,600","14,591,924"
2020.02.19,"60,200",400,"59,800","60,400","59,400","12,951,496"
2020.02.18,"59,800","1,700","60,800","60,900","59,700","16,674,266"
2020.02.17,"61,500",300,"61,600","62,000","61,200","8,740,596"
2020.02.14,"61,800","1,100","60,900","61,900","60,200","13,276,067"
2020.02.13,"60,700",200,"61,200","61,600","60,500","18,449,775"
2020.02.12,"60,500",600,"60,300","60,700","59,700","12,904,207"
2020.02.11,"59,900",200,"59,800","60,700","59,700","11,071,231"
2020.02.10,"59,700",700,"59,200","59,800","59,100","13,107,121"
2020.02.07,"60,400",700,"61,100","61,200","59,700","16,402,493"
2020.02.06,"61,100","1,600","60,100","61,100","59,700","14,727,159"
2020.02.05,"59,500",600,"60,000","60,200","58,900","19,278,165"
2020.02.04,"58,900","1,700","57,100","59,000","56,800","21,800,192"
2020.02.03,"57,200",800,"55,500","57,400","55,200","23,995,260"
2020.01.31,"56,400",800,"57,800","58,400","56,400","19,749,457"
2020.01.30,"57,200","1,900","58,800","58,800","56,800","20,821,939"
2020.01.29,"59,100",300,"59,100","59,700","58,800","16,446,102"
2020.01.28,"58,800","2,000","59,400","59,400","58,300","23,664,541"
2020.01.23,"60,800","1,500","61,800","61,800","60,700","14,916,555"
2020.01.22,"62,300",900,"60,500","62,600","60,400","15,339,565"
2020.01.21,"61,400","1,000","62,000","62,400","61,200","11,142,693"
2020.01.20,"62,400","1,100","62,000","62,800","61,700","12,528,855"
2020.01.17,"61,300",600,"61,900","62,000","61,000","16,025,661"
2020.01.16,"60,700","1,700","59,100","60,700","59,000","14,381,774"
2020.01.15,"59,000","1,000","59,500","59,600","58,900","14,300,928"
2020.01.14,"60,000",0,"60,400","61,000","59,900","16,906,295"
2020.01.13,"60,000",500,"59,600","60,000","59,100","11,359,139"
2020.01.10,"59,500",900,"58,800","59,700","58,300","16,000,170"
2020.01.09,"58,600","1,800","58,400","58,600","57,400","24,102,579"
2020.01.08,"56,800","1,000","56,200","57,400","55,900","23,501,171"
2020.01.07,"55,800",300,"55,700","56,400","55,600","10,009,778"
2020.01.06,"55,500",0,"54,900","55,600","54,600","10,278,951"
2020.01.03,"55,500",300,"56,000","56,600","54,900","15,422,255"
2020.01.02,"55,200",600,"55,500","56,000","55,000","12,993,228"
2019.12.30,"55,800",700,"56,200","56,600","55,700","8,356,767"
2019.12.27,"56,500","1,100","55,700","56,900","55,500","12,313,056"
2019.12.26,"55,400",400,"54,700","55,400","54,400","9,645,034"
2019.12.24,"55,000",500,"55,600","55,700","54,800","11,868,463"
2019.12.23,"55,500",500,"56,100","56,400","55,100","9,839,252"
2019.12.20,"56,000",0,"56,100","56,500","55,600","12,095,519"
2019.12.19,"56,000",300,"57,000","57,300","55,500","14,180,520"
2019.12.18,"56,300",400,"56,700","57,200","56,000","15,558,208"
2019.12.17,"56,700","2,000","55,800","56,700","55,400","19,358,433"
2019.12.16,"54,700",0,"54,500","54,900","54,300","11,512,405"
2019.12.13,"54,700","1,400","54,500","54,800","53,900","18,120,261"
2019.12.12,"53,300","1,400","53,000","53,300","52,700","29,178,697"
2019.12.11,"51,900",400,"51,500","52,200","51,400","11,379,521"
2019.12.10,"51,500",300,"51,000","51,600","50,700","6,882,771"
2019.12.09,"51,200",800,"50,900","51,400","50,700","8,470,627"
2019.12.06,"50,400",900,"50,100","50,900","49,950","11,414,563"
2019.12.05,"49,500",50,"50,200","50,400","49,500","10,449,715"
2019.12.04,"49,450",450,"49,600","49,850","49,000","13,246,549"
2019.12.03,"49,900",500,"49,800","50,300","49,500","12,059,812"
2019.12.02,"50,400",100,"50,900","51,300","50,400","18,877,252"
2019.11.29,"50,300","1,000","51,200","51,400","50,200","11,179,334"
2019.11.28,"51,300",900,"51,900","52,100","51,300","6,833,885"
2019.11.27,"52,200",400,"51,800","52,300","51,600","7,546,261"
2019.11.26,"51,800",0,"51,900","52,900","51,800","27,372,226"
2019.11.25,"51,800",200,"52,200","52,600","51,700","9,050,625"
2019.11.22,"51,600",600,"51,000","51,600","50,900","8,478,310"
2019.11.21,"51,000","1,000","51,600","52,100","50,600","14,298,646"
2019.11.20,"52,000","1,500","53,400","53,400","52,000","12,560,070"
2019.11.19,"53,500",0,"53,200","53,500","52,700","8,907,177"
2019.11.18,"53,500",200,"53,600","53,800","53,200","7,746,554"
2019.11.15,"53,700",900,"52,900","53,700","52,600","9,703,360"
2019.11.14,"52,800",300,"51,900","52,800","51,900","12,010,018"
2019.11.13,"52,500",100,"52,500","52,500","52,000","6,225,196"
2019.11.12,"52,600","1,000","51,800","52,600","51,600","6,576,148"
2019.11.11,"51,600",500,"52,200","52,200","51,400","8,185,952"
2019.11.08,"52,100",800,"53,200","53,300","52,000","11,603,290"
2019.11.07,"52,900",400,"53,400","53,400","52,400","9,257,116"
2019.11.06,"53,300",600,"52,900","53,500","52,700","14,361,133"
2019.11.05,"52,700",400,"52,400","52,700","52,100","10,581,034"
2019.11.04,"52,300","1,100","51,700","52,300","51,400","13,012,411"
2019.11.01,"51,200",800,"50,600","51,200","50,400","8,467,846"
2019.10.31,"50,400",0,"51,000","51,400","50,300","10,304,777"
2019.10.30,"50,400",700,"50,700","50,800","50,200","8,959,435"
2019.10.29,"51,100",200,"51,400","51,700","50,800","7,581,629"
2019.10.28,"51,300",400,"50,700","51,500","50,700","6,431,522"
2019.10.25,"50,900",200,"50,800","51,200","50,500","7,879,897"
2019.10.24,"50,700",500,"52,500","52,500","50,500","21,185,785"
2019.10.23,"51,200",0,"51,300","51,500","50,800","8,663,880"
2019.10.22,"51,200",900,"50,800","51,500","50,700","10,898,729"
2019.10.21,"50,300",400,"49,900","50,400","49,800","4,406,531"
2019.10.18,"49,900",600,"50,300","50,900","49,650","8,483,106"
2019.10.17,"50,500",200,"50,500","50,600","50,100","6,701,380"
2019.10.16,"50,700",600,"50,700","50,900","50,400","9,136,282"
2019.10.15,"50,100",100,"49,900","50,200","49,900","6,058,105"
2019.10.14,"50,000",850,"50,000","50,300","49,850","11,130,635"
2019.10.11,"49,150",600,"49,000","49,450","48,800","7,783,275"
2019.10.10,"48,550",350,"48,200","49,200","48,000","18,639,855"
2019.10.08,"48,900","1,150","47,900","49,000","47,600","14,239,367"
2019.10.07,"47,750",250,"48,350","48,700","47,650","7,047,273"
2019.10.04,"48,000",400,"47,400","48,650","47,350","9,331,695"
2019.10.02,"47,600","1,250","48,350","48,400","47,600","8,382,463"
2019.10.01,"48,850",200,"48,900","49,100","48,650","6,206,035"
2019.09.30,"49,050",650,"48,050","49,250","47,900","9,497,119"
2019.09.27,"48,400",800,"48,000","48,700","48,000","8,048,041"
2019.09.26,"49,200",300,"49,000","49,250","48,900","8,494,756"
2019.09.25,"48,900",600,"49,200","49,350","48,800","9,187,141"
2019.09.24,"49,500",200,"49,050","49,650","48,850","7,871,955"
2019.09.23,"49,300",100,"49,250","49,300","49,000","7,568,553"
2019.09.20,"49,200",50,"49,400","49,600","49,100","15,460,210"
2019.09.19,"49,150","1,450","48,050","49,200","47,850","16,461,413"
2019.09.18,"47,700",800,"46,900","47,700","46,800","10,413,027"
2019.09.17,"46,900",200,"47,000","47,100","46,800","7,006,280"
2019.09.16,"47,100",50,"47,000","47,100","46,400","15,550,926"
2019.09.11,"47,150",150,"47,300","47,400","46,800","16,141,619"
2019.09.10,"47,000",100,"47,100","47,200","46,550","9,231,792"
2019.09.09,"46,900",600,"46,450","47,000","46,300","9,434,157"
2019.09.06,"46,300",600,"46,500","46,500","45,850","9,896,562"
2019.09.05,"45,700","1,600","44,800","46,100","44,450","18,297,430"
2019.09.04,"44,100",850,"43,250","44,100","43,150","12,441,837"
2019.09.03,"43,250",550,"43,550","43,650","43,100","9,774,941"
2019.09.02,"43,800",200,"44,850","44,850","43,650","7,185,537"
2019.08.30,"44,000",600,"43,750","44,300","43,750","9,899,073"
2019.08.29,"43,400",750,"44,200","44,200","43,050","10,768,862"
2019.08.28,"44,150",100,"44,100","44,400","43,750","5,758,333"
2019.08.27,"44,050",450,"43,650","44,200","43,600","16,883,932"
2019.08.26,"43,600",350,"43,050","43,800","42,950","7,954,949"
2019.08.23,"43,950",100,"43,800","44,200","43,650","5,017,381"
2019.08.22,"44,050",450,"44,500","44,700","43,850","8,061,177"
2019.08.21,"44,500",50,"44,350","44,800","44,150","6,571,717"
2019.08.20,"44,450",850,"43,950","44,600","43,550","8,434,205"
2019.08.19,"43,600",300,"44,350","44,350","43,500","6,014,218"
2019.08.16,"43,900",200,"43,800","43,900","43,300","9,528,115"
2019.08.14,"43,700",700,"43,900","44,250","43,500","8,750,135"
2019.08.13,"43,000",700,"43,500","43,500","42,950","7,276,979"
2019.08.12,"43,700",550,"44,000","44,000","43,550","8,466,169"
2019.08.09,"43,150",500,"43,250","43,350","43,050","9,685,147"
2019.08.08,"42,650",550,"43,250","43,500","42,650","16,926,881"
2019.08.07,"43,200",300,"43,600","43,900","43,100","10,002,533"
2019.08.06,"43,500",450,"42,500","43,800","42,500","15,083,824"
2019.08.05,"43,950","1,000","44,350","44,600","43,600","14,214,086"
2019.08.02,"44,950",250,"44,550","45,500","44,300","12,151,374"
2019.08.01,"45,200",150,"44,900","45,500","44,850","7,811,181"
2019.07.31,"45,350","1,200","46,200","46,600","45,000","12,872,916"
2019.07.30,"46,550",450,"46,300","46,850","46,300","5,551,014"
2019.07.29,"46,100","1,050","46,800","47,050","46,000","6,856,846"
2019.07.26,"47,150",50,"46,650","47,150","46,550","7,873,886"
2019.07.25,"47,200",800,"47,150","47,200","46,600","8,408,838"
2019.07.24,"46,400",900,"47,100","47,150","46,250","8,756,522"
2019.07.23,"47,300",100,"47,350","47,550","47,050","9,061,381"
2019.07.22,"47,200",400,"46,800","47,300","46,600","9,009,109"
2019.07.19,"46,800",700,"46,650","46,950","46,600","8,819,393"
2019.07.18,"46,100",50,"46,450","46,450","45,650","5,143,554"
2019.07.17,"46,050",800,"46,150","46,350","45,950","5,216,602"
2019.07.16,"46,850",400,"46,450","46,850","46,300","7,407,824"
2019.07.15,"46,450",150,"45,950","46,650","45,750","4,717,226"
2019.07.12,"46,300",100,"46,350","46,400","45,800","5,245,804"
2019.07.11,"46,200",650,"46,350","46,550","46,150","10,989,751"
2019.07.10,"45,550",450,"45,550","46,150","45,500","9,253,930"
2019.07.09,"45,100",700,"44,850","45,450","44,700","7,646,421"
2019.07.08,"44,400","1,250","44,750","44,800","44,350","7,823,843"
2019.07.05,"45,650",350,"45,950","45,950","45,250","7,235,395"
2019.07.04,"46,000",600,"45,250","46,200","45,250","6,365,573"
2019.07.03,"45,400",850,"45,750","46,350","45,200","9,669,368"
2019.07.02,"46,250",350,"46,200","46,900","45,850","8,463,073"
2019.07.01,"46,600",400,"47,350","47,400","46,250","11,383,522"
2019.06.28,"47,000",500,"47,000","47,000","46,700","12,949,231"
2019.06.27,"46,500",800,"46,000","46,600","45,750","12,603,534"
2019.06.26,"45,700",100,"45,800","46,000","45,600","9,226,097"
2019.06.25,"45,600",100,"45,200","45,800","45,200","7,076,774"
2019.06.24,"45,500",200,"45,200","45,800","45,200","6,085,066"
2019.06.21,"45,700",200,"45,750","45,800","45,200","9,454,913"
2019.06.20,"45,500",150,"44,850","45,500","44,850","7,147,785"
2019.06.19,"45,350","1,000","45,450","45,450","45,000","10,417,690"
2019.06.18,"44,350",450,"43,750","44,500","43,650","7,994,928"
2019.06.17,"43,900",100,"43,750","44,050","43,400","11,890,424"
2019.06.14,"44,000",250,"43,750","44,150","43,300","9,322,873"
2019.06.13,"43,750",850,"44,200","44,400","43,400","16,906,541"
2019.06.12,"44,600",250,"44,800","45,050","44,300","8,607,439"
2019.06.11,"44,850",50,"44,800","45,000","44,550","6,664,872"
2019.06.10,"44,800",600,"44,300","44,850","44,050","8,792,182"
2019.06.07,"44,200",300,"43,600","44,350","43,450","11,683,682"
2019.06.05,"43,900",450,"44,050","44,200","43,700","12,464,135"
2019.06.04,"43,450",350,"43,400","43,700","43,000","9,913,497"
2019.06.03,"43,800","1,300","42,950","43,900","42,500","15,466,580"
2019.05.31,"42,500",50,"42,600","42,800","42,150","11,365,999"
2019.05.30,"42,550",750,"42,200","42,700","42,150","11,766,018"
2019.05.29,"41,800",750,"41,850","42,100","41,300","14,930,618"
2019.05.28,"42,550",100,"42,550","42,950","42,150","24,506,881"
2019.05.27,"42,650",50,"42,500","43,000","42,350","8,066,669"
2019.05.24,"42,700","1,150","43,800","43,800","42,400","13,966,305"
2019.05.23,"43,850",350,"43,900","44,000","43,250","12,259,006"
2019.05.22,"43,500",350,"43,700","43,800","42,400","11,033,339"
2019.05.21,"43,150","1,150","42,600","43,950","42,350","18,812,133"
2019.05.20,"42,000",800,"41,650","42,100","41,550","15,752,397"
2019.05.17,"41,200",350,"41,950","42,050","40,850","13,357,951"
2019.05.16,"41,550","1,000","42,350","42,400","41,350","13,687,828"
2019.05.15,"42,550",100,"42,700","43,050","42,550","7,670,185"
2019.05.14,"42,650",0,"41,300","43,100","41,300","11,563,730"
2019.05.13,"42,650",250,"42,500","43,200","42,350","7,635,079"
2019.05.10,"42,900",450,"42,600","43,450","42,450","14,579,512"
2019.05.09,"42,450","1,800","43,900","44,250","42,450","23,029,718"
2019.05.08,"44,250",600,"44,300","44,850","44,200","10,398,754"
2019.05.07,"44,850",450,"45,250","45,300","44,400","12,014,907"
2019.05.03,"45,300",600,"45,900","46,050","45,300","6,562,916"
2019.05.02,"45,900",50,"45,500","46,150","45,400","8,625,126"
2019.04.30,"45,850",300,"46,000","46,300","45,350","11,121,273"
2019.04.29,"46,150","1,300","45,150","46,150","45,100","8,777,517"
2019.04.26,"44,850",200,"44,200","45,000","43,800","9,739,982"
2019.04.25,"44,650",100,"44,250","45,000","44,100","10,868,965"
2019.04.24,"44,750",450,"45,400","45,650","44,150","13,299,267"
2019.04.23,"45,200",150,"45,050","45,500","45,000","6,920,566"
2019.04.22,"45,350",50,"45,400","45,900","45,100","6,006,957"
2019.04.19,"45,300",300,"45,750","46,000","45,250","8,479,710"
2019.04.18,"45,600","1,450","47,200","47,250","45,500","12,808,747"
2019.04.17,"47,050",200,"47,300","47,600","47,000","5,513,658"
2019.04.16,"47,250",200,"47,400","47,400","46,800","7,730,881"
2019.04.15,"47,050",200,"47,150","47,500","47,000","8,733,019"
2019.04.12,"46,850",600,"46,050","46,900","46,000","7,668,936"
2019.04.11,"46,250",450,"46,700","46,800","46,150","13,697,399"
2019.04.10,"46,700",50,"46,400","46,700","46,050","11,883,995"
2019.04.09,"46,650",0,"46,700","46,950","46,200","6,878,761"
2019.04.08,"46,650",200,"47,250","47,250","46,150","8,507,909"
2019.04.05,"46,850",100,"46,950","47,550","46,600","8,546,339"
2019.04.04,"46,950",350,"46,150","47,100","46,150","12,650,168"
2019.04.03,"46,600",850,"46,750","46,750","45,800","12,436,570"
2019.04.02,"45,750",700,"45,550","46,100","45,350","9,480,688"
2019.04.01,"45,050",400,"45,200","45,450","44,850","7,362,129"
2019.03.29,"44,650",200,"44,500","44,900","44,200","11,491,713"
2019.03.28,"44,850",500,"44,950","45,200","44,300","6,821,306"
2019.03.27,"45,350",100,"44,750","45,600","44,250","9,568,081"
2019.03.26,"45,250",250,"45,500","45,700","44,900","9,729,811"
2019.03.25,"45,500","1,050","45,300","45,650","44,800","8,699,728"
2019.03.22,"46,550",700,"46,850","47,000","46,250","12,535,911"
2019.03.21,"45,850","1,800","44,600","46,250","44,050","21,138,016"
2019.03.20,"44,050",150,"43,800","44,200","43,100","9,846,242"
2019.03.19,"43,900",200,"43,750","43,900","43,550","7,609,563"
2019.03.18,"43,700",500,"43,950","44,150","43,450","8,188,876"
2019.03.15,"44,200",350,"43,800","44,250","43,700","16,814,163"
2019.03.14,"43,850",0,"43,700","44,300","43,550","18,039,161"
2019.03.13,"43,850",800,"44,250","44,450","43,700","8,108,343"
2019.03.12,"44,650","1,000","44,300","44,950","44,150","11,431,977"
2019.03.11,"43,650",150,"44,400","44,450","43,650","10,717,408"
2019.03.08,"43,800",650,"44,450","44,800","43,800","7,729,069"
2019.03.07,"44,450",450,"43,400","44,950","43,400","11,049,749"
2019.03.06,"44,000",250,"44,000","44,300","43,700","10,202,544"
2019.03.05,"44,250",600,"44,600","45,100","44,150","10,612,405"
2019.03.04,"44,850",250,"46,000","46,100","44,800","12,926,539"
2019.02.28,"45,100","1,650","46,400","46,500","45,100","23,569,321"
2019.02.27,"46,750",0,"47,000","47,250","46,750","8,045,211"
2019.02.26,"46,750",600,"47,350","47,450","46,500","7,985,547"
2019.02.25,"47,350",200,"47,400","47,550","47,050","7,484,716"
2019.02.22,"47,150",200,"46,500","47,150","46,450","6,895,772"
2019.02.21,"46,950",50,"46,500","47,200","46,200","8,694,009"
2019.02.20,"46,900",950,"46,750","47,100","46,500","11,506,720"
2019.02.19,"45,950",250,"45,850","46,150","45,450","6,741,395"
2019.02.18,"46,200",150,"46,500","46,850","45,850","8,183,728"
2019.02.15,"46,050","1,450","46,750","46,850","45,650","10,554,643"
2019.02.14,"47,500","1,300","46,600","47,500","46,150","17,259,341"
2019.02.13,"46,200",150,"46,400","46,700","46,000","11,299,738"
2019.02.12,"46,050","1,050","44,650","46,250","44,650","13,184,367"
2019.02.11,"45,000",200,"44,500","45,000","44,250","11,125,044"
2019.02.08,"44,800","1,400","45,700","45,700","44,650","12,689,196"
2019.02.07,"46,200",150,"46,800","47,100","46,200","15,872,001"
2019.02.01,"46,350",200,"46,650","46,950","46,250","13,832,454"
2019.01.31,"46,150",250,"46,650","47,050","46,150","21,621,145"
2019.01.30,"46,400",900,"44,800","46,400","44,800","17,505,980"
2019.01.29,"45,500",450,"45,050","45,500","44,350","16,215,017"
2019.01.28,"45,050",300,"45,000","45,500","44,600","17,998,914"
2019.01.25,"44,750","1,700","44,300","44,750","43,750","22,789,395"
2019.01.24,"43,050","1,050","43,050","43,100","42,350","14,747,623"
2019.01.23,"42,000",150,"41,350","42,250","41,350","11,071,079"
2019.01.22,"42,150",600,"42,750","42,850","41,850","9,964,356"
2019.01.21,"42,750",450,"42,700","42,750","41,900","11,355,701"
2019.01.18,"42,300",350,"42,000","42,400","41,950","11,029,256"
2019.01.17,"41,950",500,"41,700","42,100","41,450","11,736,903"
2019.01.16,"41,450",350,"41,150","41,450","40,700","8,491,595"
2019.01.15,"41,100","1,050","40,050","41,100","39,850","11,492,756"
2019.01.14,"40,050",450,"40,450","40,700","39,850","11,984,996"
2019.01.11,"40,500",700,"40,350","40,550","39,950","11,661,063"
2019.01.10,"39,800",200,"40,000","40,150","39,600","14,731,699"
2019.01.09,"39,600","1,500","38,650","39,600","38,300","17,452,708"
2019.01.08,"38,100",650,"38,000","39,200","37,950","12,756,554"
2019.01.07,"38,750","1,300","38,000","38,900","37,800","12,748,997"
2019.01.04,"37,450",150,"37,450","37,600","36,850","14,108,958"
2019.01.03,"37,600","1,150","38,300","38,550","37,450","12,471,493"
2019.01.02,"38,750",50,"39,400","39,400","38,550","7,847,664"
2018.12.28,"38,700",450,"38,250","38,900","38,200","9,900,267"
2018.12.27,"38,250",100,"38,700","38,800","38,100","10,510,643"
2018.12.26,"38,350",450,"38,400","38,750","38,300","12,707,675"
2018.12.24,"38,800",150,"38,500","39,050","38,300","9,729,530"
2018.12.21,"38,650",0,"38,200","38,650","38,100","14,947,080"
2018.12.20,"38,650",450,"38,600","39,100","38,500","11,937,617"
2018.12.19,"39,100",200,"38,900","39,350","38,850","9,942,037"
2018.12.18,"38,900",250,"38,300","39,200","38,300","11,042,101"
2018.12.17,"39,150",200,"38,650","39,600","38,650","11,532,968"
2018.12.14,"38,950","1,050","40,200","40,200","38,700","19,671,783"
2018.12.13,"40,000",450,"40,650","40,750","40,000","26,254,646"
2018.12.12,"40,450",200,"40,250","40,700","40,150","12,024,279"
2018.12.11,"40,250",50,"40,600","40,700","40,200","10,638,766"
2018.12.10,"40,200",750,"40,450","40,650","40,000","14,892,263"
2018.12.07,"40,950",450,"40,900","41,400","40,850","11,433,083"
2018.12.06,"40,500",950,"40,600","41,100","40,450","14,251,826"
2018.12.05,"41,450",700,"40,900","41,750","40,850","12,631,983"
2018.12.04,"42,150","1,100","42,650","42,900","41,900","14,347,746"
2018.12.03,"43,250","1,400","42,750","43,400","42,400","12,110,702"
2018.11.30,"41,850","1,300","43,450","44,000","41,750","19,775,519"
2018.11.29,"43,150",0,"43,850","43,850","42,900","8,473,511"
2018.11.28,"43,150",100,"42,800","43,200","42,750","6,943,099"
2018.11.27,"43,050",450,"42,900","43,100","42,500","8,367,091"
2018.11.26,"42,600",200,"42,150","42,800","42,100","6,613,009"
2018.11.23,"42,400",50,"42,450","42,600","41,900","5,192,638"
2018.11.22,"42,450",350,"42,000","42,650","42,000","5,970,796"
2018.11.21,"42,100",700,"41,800","42,300","41,800","10,769,589"
2018.11.20,"42,800",850,"42,450","43,000","42,100","9,420,664"
2018.11.19,"43,650",350,"44,050","44,250","43,450","7,538,720"
2018.11.16,"44,000",250,"44,600","44,750","43,700","7,777,124"
2018.11.15,"44,250",150,"44,050","44,350","43,500","5,864,067"
2018.11.14,"44,100",400,"44,500","44,500","43,800","6,783,344"
2018.11.13,"44,500",700,"43,900","44,500","43,400","9,311,126"
2018.11.12,"45,200",900,"43,850","45,250","43,700","8,552,566"
2018.11.09,"44,300",250,"44,450","44,850","43,900","7,318,500"
2018.11.08,"44,050",50,"44,900","45,050","44,050","12,617,397"
2018.11.07,"44,000",250,"43,600","44,500","43,400","11,553,998"
2018.11.06,"43,750",50,"43,750","43,800","42,950","7,713,625"
2018.11.05,"43,800",350,"43,750","43,800","42,900","9,426,777"
2018.11.02,"44,150","2,000","43,050","44,250","42,800","16,517,112"
2018.11.01,"42,150",250,"42,450","42,950","42,150","13,423,132"
2018.10.31,"42,400",50,"42,900","43,350","41,700","17,621,480"
2018.10.30,"42,350",950,"41,400","43,000","41,000","14,205,190"
2018.10.29,"41,400",400,"40,850","41,950","40,550","14,460,521"
2018.10.26,"41,000",0,"41,100","41,300","40,400","14,413,864"
2018.10.25,"41,000","1,550","40,600","41,550","40,550","19,338,170"
2018.10.24,"42,550",500,"43,050","43,100","42,250","13,522,825"
2018.10.23,"43,050",500,"43,300","43,450","42,550","9,531,231"
2018.10.22,"43,550",350,"43,450","43,950","43,200","8,357,648"
2018.10.19,"43,900",150,"43,900","44,150","43,450","7,842,520"
2018.10.18,"44,050",100,"43,950","44,450","43,700","8,347,725"
2018.10.17,"44,150",550,"44,150","44,500","44,000","8,306,193"
2018.10.16,"43,600",200,"43,700","44,150","43,350","6,825,677"
2018.10.15,"43,800",200,"44,050","44,050","43,350","7,434,522"
2018.10.12,"44,000",900,"43,200","44,650","43,200","12,640,906"
2018.10.11,"43,100","2,200","44,000","44,650","43,100","19,324,537"
2018.10.10,"45,300",350,"45,250","45,500","44,500","10,341,349"
2018.10.08,"44,950",250,"44,200","45,200","44,200","6,759,464"
2018.10.05,"44,700",0,"44,800","45,500","44,550","10,544,165"
2018.10.04,"44,700","1,000","45,150","45,600","44,700","11,865,327"
2018.10.02,"45,700",650,"46,450","46,700","45,700","6,607,188"
2018.10.01,"46,350",100,"46,450","46,800","45,800","6,354,983"
2018.09.28,"46,450","1,050","47,250","47,250","46,300","11,270,515"
2018.09.27,"47,500",100,"46,950","47,500","46,450","15,804,586"
2018.09.21,"47,400",150,"46,550","47,550","46,550","14,476,906"
2018.09.20,"47,250","1,100","46,850","47,600","46,400","13,536,966"
2018.09.19,"46,150",650,"46,000","46,200","45,700","9,367,454"
2018.09.18,"45,500",350,"44,950","45,900","44,700","9,987,090"
2018.09.17,"45,150",700,"45,550","45,800","44,900","8,123,384"
2018.09.14,"45,850","1,800","45,000","45,850","44,900","12,446,344"
2018.09.13,"44,050",500,"44,550","44,750","44,000","18,277,942"
2018.09.12,"44,550",500,"44,900","45,100","44,500","12,995,269"
2018.09.11,"45,050",450,"45,550","45,900","45,050","9,865,790"
2018.09.10,"45,500",600,"45,450","45,550","45,000","9,979,838"
2018.09.07,"44,900","1,200","44,500","45,200","44,400","18,285,508"
2018.09.06,"46,100",500,"46,200","46,400","45,800","9,040,553"
2018.09.05,"46,600","1,050","47,300","47,450","46,400","9,139,998"
2018.09.04,"47,650",200,"47,550","47,800","47,200","6,791,255"
2018.09.03,"47,450","1,000","48,200","48,300","47,300","8,595,084"
2018.08.31,"48,450",800,"47,100","48,450","47,000","13,577,454"
2018.08.30,"47,650",850,"46,950","47,950","46,700","12,193,231"
2018.08.29,"46,800",250,"46,750","46,800","46,400","5,572,374"
2018.08.28,"46,550",250,"46,800","46,950","46,300","7,365,976"
2018.08.27,"46,300",150,"46,100","46,550","46,000","5,263,782"
2018.08.24,"46,150",50,"45,900","46,400","45,550","6,582,535"
2018.08.23,"46,200",100,"46,150","46,200","45,700","6,730,918"
2018.08.22,"46,100","1,300","45,150","46,200","44,900","11,641,656"
2018.08.21,"44,800",950,"43,700","44,900","43,700","9,520,270"
2018.08.20,"43,850",250,"43,500","44,200","43,500","7,289,124"
2018.08.17,"44,100",150,"44,050","44,400","44,050","6,808,747"
2018.08.16,"44,250",900,"43,800","44,650","43,700","10,088,229"
2018.08.14,"45,150",100,"44,850","45,400","44,850","6,409,259"
2018.08.13,"45,050",350,"44,950","45,100","44,650","9,803,831"
2018.08.10,"45,400","1,500","46,150","46,400","44,850","16,670,643"
2018.08.09,"46,900",100,"47,000","47,050","46,450","12,010,886"
2018.08.08,"46,800",100,"47,000","47,000","46,550","6,429,338"
2018.08.07,"46,700",900,"46,300","46,750","45,900","9,058,174"
2018.08.06,"45,800",50,"46,150","46,150","45,750","6,771,979"
2018.08.03,"45,750",200,"45,850","45,900","45,450","8,274,944"
2018.08.02,"45,550","1,000","46,550","46,800","45,500","8,560,924"
2018.08.01,"46,550",300,"46,050","46,850","46,050","7,484,499"
2018.07.31,"46,250",250,"46,200","46,450","46,000","8,033,607"
2018.07.30,"46,500",400,"46,550","46,800","46,350","5,723,035"
2018.07.27,"46,900",0,"46,450","47,000","46,450","4,762,460"
2018.07.26,"46,900",750,"46,100","47,000","46,000","7,374,946"
2018.07.25,"46,150",0,"46,250","46,550","45,900","7,222,471"
2018.07.24,"46,150",350,"46,350","46,600","45,950","8,261,363"
2018.07.23,"46,500",950,"47,100","47,200","46,150","10,823,782"
2018.07.20,"47,450",550,"47,000","47,600","46,700","10,474,547"
2018.07.19,"46,900",350,"47,050","47,200","46,600","9,880,128"
2018.07.18,"46,550",700,"46,700","47,200","46,450","10,952,645"
2018.07.17,"45,850",200,"46,150","46,200","45,600","8,892,953"
2018.07.16,"46,050",450,"46,800","46,800","46,000","7,678,719"
2018.07.13,"46,500","1,000","45,800","46,500","45,750","11,543,389"
2018.07.12,"45,500",500,"45,900","46,250","45,450","11,828,104"
2018.07.11,"46,000",300,"46,400","46,450","45,400","11,224,077"
2018.07.10,"46,300",700,"46,200","46,550","46,100","10,528,665"
2018.07.09,"45,600",700,"45,500","46,100","45,200","11,602,464"
2018.07.06,"44,900","1,050","45,500","45,850","44,650","17,843,706"
2018.07.05,"45,950",300,"46,100","46,550","45,600","7,039,773"